beta,seed,rule,parity_sigma,parity_k,mse_k,parity_kl,matched_mse_kl,selected_mse_kl,parity_validation_nll,mse_validation_nll
0.1,111,oracle,2.0,512,128,0.5180111116270008,0.5157097035709959,0.48268830012805775,8.132714485869458,8.116703400487943
0.1,111,validation,3.0,256,128,0.5929006081500983,0.4830580559643406,0.48268830012805775,7.993023849382232,8.116703400487943
0.1,112,oracle,2.0,256,128,0.5393279729968818,0.5386627684913992,0.5189760656810896,8.179482526199681,8.058412824645725
0.1,112,validation,2.0,128,128,0.6380350859937508,0.5189760656810896,0.5189760656810896,8.080078017691555,8.058412824645725
0.1,113,oracle,2.0,512,256,0.4985472362927027,0.5558646295253026,0.49441792233400805,8.091691387491688,8.233432783387236
0.1,113,validation,3.0,512,128,0.5460645182262764,0.5558646295253026,0.5164864382335268,8.035844162253818,8.020969452278344
0.1,114,oracle,3.0,512,512,0.46536312416476167,0.5269452044505488,0.5269452044505488,8.191055939051207,8.258530549555093
0.1,114,validation,2.0,256,128,0.5052094046102531,0.5270498036065117,0.5750402180863636,8.076961201875108,8.00888934275592
0.1,115,oracle,3.0,512,512,0.5302396112866652,0.48382469097025205,0.48382469097025205,8.136327174145796,8.05612441692086
0.1,115,validation,3.0,256,256,0.5386689481378346,0.5162242486509219,0.5162242486509219,7.9667921315176065,7.993319134565702
0.1,116,oracle,1.0,128,512,0.5311997620522712,0.5849597799743167,0.5442134922271824,8.31861489803758,8.336342665989001
0.1,116,validation,0.5,256,256,0.6250454781220125,0.5683743466411065,0.5683743466411065,8.22224350659903,8.214756139924429
0.1,117,oracle,2.0,256,512,0.541123710107482,0.48267665163645335,0.465093676699959,8.205742057960048,8.081615714862238
0.1,117,validation,3.0,256,128,0.5812903645100205,0.48267665163645335,0.4996838122215562,8.153690373136978,7.986777316014586
0.1,118,oracle,0.5,256,256,0.49930003190544664,0.47767147062192467,0.47767147062192467,8.114119291038651,8.041714563369935
0.1,118,validation,1.0,512,256,0.5123153947831347,0.4931103695392295,0.47767147062192467,8.045727406077486,8.041714563369935
0.1,119,oracle,2.0,512,512,0.5581772671695229,0.4938488250709509,0.4938488250709509,8.199699754347082,8.16398146702088
0.1,119,validation,1.0,256,256,0.6183708809958885,0.5264692008635938,0.5264692008635938,8.145632869046654,8.099728568572075
0.1,120,oracle,0.5,512,256,0.4775517594239113,0.543287308136621,0.5286417835154271,8.156143332400434,8.231536685069644
0.1,120,validation,1.0,128,512,0.5042493466765013,0.5633947810514689,0.543287308136621,8.15228570857466,8.195863034891982
0.2,111,oracle,2.0,512,128,0.4822073131393159,0.5159577085804016,0.443988736311837,7.937286761713225,8.024435336559494
0.2,111,validation,2.0,512,256,0.4822073131393159,0.5159577085804016,0.4633605933248219,7.937286761713225,8.019161037222819
0.2,112,oracle,2.0,256,256,0.5503051075829474,0.4606466577242996,0.4606466577242996,8.21378366642187,7.956894730240538
0.2,112,validation,1.0,128,256,0.6150330534888984,0.5591202111460849,0.4606466577242996,8.114020527352777,7.956894730240538
0.2,113,oracle,1.0,256,128,0.4927610291027214,0.5515237053351925,0.5429181474399429,7.914319509923602,8.13885117760248
0.2,113,validation,1.0,256,256,0.4927610291027214,0.5515237053351925,0.5515237053351925,7.914319509923602,8.087851421240984
0.2,114,oracle,1.0,512,512,0.4526310502168331,0.4614264195027488,0.4614264195027488,8.096404014887872,8.114126984849152
0.2,114,validation,1.0,256,128,0.4716334474967075,0.47410150989984756,0.49569875871113617,8.031158937315295,8.039064569504943
0.2,115,oracle,2.0,256,256,0.45385270856545845,0.5077598497477077,0.5077598497477077,7.872295122523887,8.127334052857936
0.2,115,validation,2.0,256,512,0.45385270856545845,0.5077598497477077,0.6044568203847172,7.872295122523887,8.09454388316007
0.2,116,oracle,2.0,256,256,0.47611263091733547,0.4496340771722097,0.4496340771722097,7.919692343787899,7.961409078846002
0.2,116,validation,2.0,256,256,0.47611263091733547,0.4496340771722097,0.4496340771722097,7.919692343787899,7.961409078846002
0.2,117,oracle,1.0,256,512,0.49560450851956594,0.5280098039794484,0.521635981192715,8.075637579810735,8.08133453459483
0.2,117,validation,2.0,128,256,0.5692875649264154,0.5561368860309961,0.5280098039794484,8.05749127387399,8.040317134912241
0.2,118,oracle,1.0,512,512,0.516923083317727,0.4796326137750579,0.4796326137750579,8.116000028666635,8.187872893977236
0.2,118,validation,2.0,512,128,0.5235472299761681,0.4796326137750579,0.5352530821867333,8.004452094436312,8.10173637778607
0.2,119,oracle,1.0,512,128,0.46363908193624404,0.5344532886017682,0.4631987135036576,7.981568008109906,8.102091530272583
0.2,119,validation,2.0,256,256,0.5113567311735476,0.49892887306196493,0.49892887306196493,7.973044339933814,8.048708594679345
0.2,120,oracle,1.0,128,256,0.46865695380276695,0.5270186165024491,0.4883515801268274,7.980998432611068,7.980571342397341
0.2,120,validation,0.5,512,256,0.4952885245869227,0.5079841603474834,0.4883515801268274,7.972771438088216,7.980571342397341
0.3,111,oracle,1.0,512,256,0.506758787405311,0.5502187879891003,0.5179435333875944,7.866803289662737,8.000591664939488
0.3,111,validation,1.0,512,256,0.506758787405311,0.5502187879891003,0.5179435333875944,7.866803289662737,8.000591664939488
0.3,112,oracle,2.0,512,512,0.5680586552734825,0.5037069050439489,0.5037069050439489,8.096436282391883,8.022242966922098
0.3,112,validation,0.5,512,128,0.6566084723938331,0.5037069050439489,0.5065011702182408,7.99804863621569,7.96848473095725
0.3,113,oracle,1.0,512,512,0.5052219189431466,0.49143791588231717,0.49143791588231717,7.859037109758029,8.000440192359488
0.3,113,validation,1.0,512,512,0.5052219189431466,0.49143791588231717,0.49143791588231717,7.859037109758029,8.000440192359488
0.3,114,oracle,2.0,256,512,0.5110693475229818,0.5772433198258239,0.4718285088131358,8.078342013730493,8.017880504158938
0.3,114,validation,3.0,256,256,0.5615863292605275,0.5772433198258239,0.5772433198258239,7.984358297256063,7.940698349791728
0.3,115,oracle,2.0,512,128,0.4971376747235162,0.544810451911698,0.4839041718424736,8.005105489630644,8.045456822382466
0.3,115,validation,2.0,256,256,0.5475465258143369,0.5440802467557215,0.5440802467557215,7.990544028752059,8.03883773307572
0.3,116,oracle,2.0,256,256,0.5076582172737618,0.5744199861471959,0.5744199861471959,8.203914221221277,8.234879682427184
0.3,116,validation,1.0,512,128,0.5204996086956191,0.6128746061368476,0.6441049775756743,8.090210220502978,8.07579061037958
0.3,117,oracle,1.0,512,512,0.4954625846651622,0.46614700118171765,0.46614700118171765,7.894660589719926,7.736810960313874
0.3,117,validation,3.0,512,512,0.5847794578797276,0.46614700118171765,0.46614700118171765,7.828184593355645,7.736810960313874
0.3,118,oracle,0.5,512,256,0.47731152319965076,0.5419494663165683,0.5009472289687391,7.872828778948765,8.005547499663722
0.3,118,validation,0.5,512,512,0.47731152319965076,0.5419494663165683,0.5419494663165683,7.872828778948765,7.9415546526383345
0.3,119,oracle,2.0,512,256,0.46212435499738536,0.5572186044388304,0.49402495943755287,8.0502125849621,8.059427723646229
0.3,119,validation,3.0,256,128,0.5151551125746058,0.49402495943755287,0.5398916944103787,7.931892414958454,7.912760318856155
0.3,120,oracle,1.0,256,128,0.5142351368663034,0.5448811625963804,0.44510137079707635,8.070592401069437,8.012278373031739
0.3,120,validation,2.0,256,128,0.551725269287885,0.5448811625963804,0.44510137079707635,7.979527678809164,8.012278373031739
0.4,111,oracle,2.0,256,256,0.47252211381261855,0.5043467572332039,0.5043467572332039,7.8066395516058185,7.820186678063985
0.4,111,validation,2.0,128,256,0.4800752666952408,0.5989919301222515,0.5043467572332039,7.767260613935589,7.820186678063985
0.4,112,oracle,2.0,512,256,0.4998144581128001,0.6445314235722416,0.552880941695605,7.9219647163406375,8.045064203050696
0.4,112,validation,2.0,512,128,0.4998144581128001,0.6445314235722416,0.5951297368983645,7.9219647163406375,7.9102876871739065
0.4,113,oracle,2.0,512,128,0.4159638780555252,0.5693111286694756,0.5374774045831837,7.987797439633835,8.016735719106753
0.4,113,validation,1.0,512,256,0.4596893667172081,0.5693111286694756,0.6087299384516697,7.849209901917556,7.926469801091466
0.4,114,oracle,1.0,512,512,0.4535114015354615,0.4925532783445063,0.4925532783445063,7.640670629497533,7.763125809953283
0.4,114,validation,1.0,512,512,0.4535114015354615,0.4925532783445063,0.4925532783445063,7.640670629497533,7.763125809953283
0.4,115,oracle,1.0,256,128,0.4444286287056667,0.574376646017008,0.4847437660996595,7.749471922055356,7.891613288682536
0.4,115,validation,1.0,512,128,0.4724393989533145,0.5921199112576127,0.4847437660996595,7.686854909513588,7.891613288682536
0.4,116,oracle,2.0,256,256,0.4547110686199919,0.5644586237772145,0.5644586237772145,7.926779892468642,8.037947500701348
0.4,116,validation,1.0,512,512,0.5274184531211474,0.5707504873030294,0.5707504873030294,7.815744765741805,7.902069689814696
0.4,117,oracle,1.0,256,256,0.5437709918459637,0.5712176360877217,0.5712176360877217,8.066507373355016,8.009887483245766
0.4,117,validation,1.0,512,512,0.5793141961419683,0.5778801531013413,0.5778801531013413,7.954976803924428,7.967763191988403
0.4,118,oracle,1.0,512,512,0.4235522677493314,0.5471960348959315,0.5471960348959315,7.753577141157288,7.838039487592408
0.4,118,validation,1.0,512,512,0.4235522677493314,0.5471960348959315,0.5471960348959315,7.753577141157288,7.838039487592408
0.4,119,oracle,1.0,256,512,0.4746555209854125,0.5310375260478823,0.4954371846207728,7.837251273482942,7.915304570110084
0.4,119,validation,1.0,512,128,0.484143548410771,0.4954371846207728,0.5130447900196948,7.77613049579025,7.74048488598079
0.4,120,oracle,1.0,512,512,0.5237092231252427,0.4968255756660589,0.4968255756660589,8.08342895435844,8.01662356682314
0.4,120,validation,3.0,512,128,0.5607325606331741,0.4968255756660589,0.5123722847896814,7.882388767292663,7.9836500993143895
0.5,111,oracle,3.0,512,256,0.4800740907838991,0.5589035567298237,0.5222433738318376,7.715559859640959,7.7094154025657895
0.5,111,validation,3.0,512,256,0.4800740907838991,0.5589035567298237,0.5222433738318376,7.715559859640959,7.7094154025657895
0.5,112,oracle,2.0,512,128,0.5196744269707684,0.5840913622822568,0.5039192759188287,7.801903032801223,7.750197034692311
0.5,112,validation,2.0,128,128,0.525346641362167,0.5039192759188287,0.5039192759188287,7.743159212557043,7.750197034692311
0.5,113,oracle,1.0,512,256,0.4942366202634366,0.5184594710092205,0.5079515341642973,7.726973281978863,7.6805947713846345
0.5,113,validation,0.5,256,256,0.5361631209732665,0.5079515341642973,0.5079515341642973,7.648041130347963,7.6805947713846345
0.5,114,oracle,2.0,512,128,0.45738490675983945,0.6204078508202102,0.4853564437464913,7.760690976239442,7.810424778650956
0.5,114,validation,2.0,512,128,0.45738490675983945,0.6204078508202102,0.4853564437464913,7.760690976239442,7.810424778650956
0.5,115,oracle,1.0,512,256,0.44340904226405703,0.5176136156886838,0.4929849681678432,7.580093487634659,7.6833327859954945
0.5,115,validation,1.0,512,256,0.44340904226405703,0.5176136156886838,0.4929849681678432,7.580093487634659,7.6833327859954945
0.5,116,oracle,1.0,256,256,0.5400198350359036,0.5009682802568656,0.5009682802568656,7.7163354240817785,7.680269447039905
0.5,116,validation,2.0,512,256,0.5739212977037144,0.5398855836952492,0.5009682802568656,7.63739130225448,7.680269447039905
0.5,117,oracle,0.5,512,512,0.5704237565063848,0.49486573904366954,0.49486573904366954,7.585956063816289,7.686497880682171
0.5,117,validation,0.5,512,128,0.5704237565063848,0.49486573904366954,0.5472383049864771,7.585956063816289,7.646982827033724
0.5,118,oracle,2.0,512,128,0.5213384285974205,0.6113609678141907,0.5427666967570275,7.919288508638816,7.78328554608152
0.5,118,validation,0.5,512,512,0.5991938748778426,0.6113609678141907,0.6113609678141907,7.735127965881238,7.743571876792774
0.5,119,oracle,1.0,256,512,0.5614191984770875,0.5675044170508413,0.536274425303193,7.633645938708582,7.772628293917396
0.5,119,validation,1.0,256,512,0.5614191984770875,0.5675044170508413,0.536274425303193,7.633645938708582,7.772628293917396
0.5,120,oracle,1.0,256,512,0.4763752000976297,0.5373351439834066,0.5150853394947115,7.80729606056577,7.886874371067583
0.5,120,validation,1.0,128,128,0.6728654824800984,0.5165303818697471,0.5165303818697471,7.740701078566156,7.758635237288079
0.6,111,oracle,0.5,512,512,0.4502044504168372,0.4500989988443453,0.4500989988443453,7.450200278287068,7.467500885247737
0.6,111,validation,1.0,512,256,0.4571816342531785,0.4500989988443453,0.4732956960746669,7.251490919325368,7.221508376663751
0.6,112,oracle,2.0,256,128,0.4599308214617037,0.49732716726909465,0.45563622074305143,7.5496201869975605,7.50453086684174
0.6,112,validation,2.0,128,512,0.5360883798870608,0.45563622074305143,0.4985817814525968,7.51985419011329,7.458772703640502
0.6,113,oracle,1.0,256,256,0.35685044962306206,0.40628279974097486,0.40628279974097486,7.5513637321224785,7.6508353908393065
0.6,113,validation,1.0,256,128,0.35685044962306206,0.40628279974097486,0.4470823776429418,7.5513637321224785,7.502989711441554
0.6,114,oracle,1.0,512,512,0.4123339573945046,0.46094010134356167,0.46094010134356167,7.57687224607437,7.626193027943011
0.6,114,validation,2.0,512,128,0.4541930732715529,0.46094010134356167,0.6154955693364883,7.357763023122199,7.620193987883412
0.6,115,oracle,2.0,512,512,0.39070778307161025,0.45841028046497345,0.45841028046497345,7.327136969125156,7.3360753726639985
0.6,115,validation,0.5,512,256,0.465629015074348,0.45841028046497345,0.46529875942268684,7.285317047503404,7.334435502964774
0.6,116,oracle,1.0,128,512,0.4294219914150402,0.48217739618325534,0.47065463314287953,7.256708627587022,7.432147509343704
0.6,116,validation,1.0,128,128,0.4294219914150402,0.48217739618325534,0.48217739618325534,7.256708627587022,7.333579601457527
0.6,117,oracle,1.0,512,256,0.48803269292191687,0.6769708802909329,0.4917363862228673,7.246584355376132,7.249929487996636
0.6,117,validation,1.0,256,256,0.5224740480068317,0.4917363862228673,0.4917363862228673,7.218797447426623,7.249929487996636
0.6,118,oracle,1.0,512,256,0.5151543408603855,0.6060074383556098,0.601137255327217,7.311559797617573,7.591102919970829
0.6,118,validation,1.0,512,128,0.5151543408603855,0.6060074383556098,0.6059960783215901,7.311559797617573,7.434216063023737
0.6,119,oracle,1.0,128,256,0.525998892587824,0.5536062074601004,0.5443797903897549,7.640066963922748,7.613513544172679
0.6,119,validation,1.0,512,128,0.5297345058241474,0.5486791147517938,0.5536062074601004,7.490099032056009,7.597537552240907
0.6,120,oracle,1.0,256,128,0.4788602839977126,0.5681707383495213,0.5197755377703486,7.4982010645154595,7.6065278745256
0.6,120,validation,1.0,256,256,0.4788602839977126,0.5681707383495213,0.5681707383495213,7.4982010645154595,7.495381204694247
0.7,111,oracle,1.0,512,128,0.46426496605302536,0.48850545320740585,0.3921608324148995,7.267697401872474,7.02089316093635
0.7,111,validation,1.0,128,128,0.5347917334439368,0.3921608324148995,0.3921608324148995,7.099125854904896,7.02089316093635
0.7,112,oracle,2.0,256,128,0.4270554461311258,0.525659111843672,0.47470667389623133,7.162282547985431,7.02254853186148
0.7,112,validation,1.0,512,128,0.4796799317495414,0.7379889562832385,0.47470667389623133,7.078925851227016,7.02254853186148
0.7,113,oracle,1.0,512,128,0.38064775354707037,0.5623413273761578,0.40186569940065664,7.173121580128971,7.09244906909285
0.7,113,validation,2.0,128,128,0.5491359325979837,0.40186569940065664,0.40186569940065664,7.172818108584296,7.09244906909285
0.7,114,oracle,2.0,512,128,0.4054270122440936,0.563098047634562,0.40939928150943794,7.190746775986854,7.230027511025553
0.7,114,validation,2.0,512,128,0.4054270122440936,0.563098047634562,0.40939928150943794,7.190746775986854,7.230027511025553
0.7,115,oracle,2.0,256,128,0.45395374216813494,0.45083386040823226,0.4028924646242677,7.244378128150711,7.081956150852379
0.7,115,validation,1.0,256,128,0.5906156634109764,0.45083386040823226,0.4028924646242677,7.174572515155045,7.081956150852379
0.7,116,oracle,2.0,256,128,0.4361359506011399,0.5852719331882787,0.511538747592457,7.135563980190728,7.237207875358695
0.7,116,validation,3.0,512,128,0.48577660904524816,0.6868767735319434,0.511538747592457,7.09029685182194,7.237207875358695
0.7,117,oracle,3.0,512,256,0.49747378355383487,0.5380123775979769,0.4809213553118733,7.11008344153654,7.0121348674278385
0.7,117,validation,3.0,512,256,0.49747378355383487,0.5380123775979769,0.4809213553118733,7.11008344153654,7.0121348674278385
0.7,118,oracle,1.0,256,256,0.5717866887335754,0.43132488264013613,0.43132488264013613,6.939453695947854,6.822524024003732
0.7,118,validation,1.0,256,256,0.5717866887335754,0.43132488264013613,0.43132488264013613,6.939453695947854,6.822524024003732
0.7,119,oracle,1.0,512,512,0.39216523681995885,0.39275048078820607,0.39275048078820607,7.117335426881379,7.055582777589575
0.7,119,validation,0.5,512,512,0.4406727844376829,0.39275048078820607,0.39275048078820607,7.0626257924625735,7.055582777589575
0.7,120,oracle,1.0,256,128,0.44819442947875276,0.4635370877334375,0.43643691522701034,7.274413051203647,7.336598037620412
0.7,120,validation,2.0,256,256,0.501430564424297,0.4635370877334375,0.4635370877334375,7.214885711460658,7.207453281994398
0.8,111,oracle,0.5,512,128,0.45597176849685234,0.37499075474472765,0.34052705071210104,6.682667812888798,6.680863187008818
0.8,111,validation,0.5,512,256,0.45597176849685234,0.37499075474472765,0.361064227892155,6.682667812888798,6.534575968283454
0.8,112,oracle,1.0,256,128,0.44760748970528325,0.5116389113756258,0.511621944395349,6.460922114273806,6.669939947262714
0.8,112,validation,1.0,256,256,0.44760748970528325,0.5116389113756258,0.5116389113756258,6.460922114273806,6.664003899626996
0.8,113,oracle,0.5,512,128,0.4064853686586458,0.5281977859733462,0.45722732921039777,6.735119462871459,6.901776902004468
0.8,113,validation,0.5,512,256,0.4064853686586458,0.5281977859733462,0.463926529400142,6.735119462871459,6.849536681996776
0.8,114,oracle,1.0,512,512,0.33550512659682075,0.391632905466027,0.391632905466027,6.803366779044725,6.7229673486508315
0.8,114,validation,0.5,256,512,0.3877154677029558,0.5182633446388771,0.391632905466027,6.672664113639979,6.7229673486508315
0.8,115,oracle,2.0,256,128,0.3370102077106983,0.5177774814492029,0.46752483150085555,6.58788576133399,6.780847066674392
0.8,115,validation,2.0,256,128,0.3370102077106983,0.5177774814492029,0.46752483150085555,6.58788576133399,6.780847066674392
0.8,116,oracle,2.0,512,512,0.38561725012659676,0.4850341277469764,0.4850341277469764,6.48725954042485,6.537845125471429
0.8,116,validation,2.0,512,512,0.38561725012659676,0.4850341277469764,0.4850341277469764,6.48725954042485,6.537845125471429
0.8,117,oracle,1.0,512,256,0.4162824185196883,0.4662208587577509,0.4381316035943186,6.6063931716796995,6.7542265962267365
0.8,117,validation,1.0,512,512,0.4162824185196883,0.4662208587577509,0.4662208587577509,6.6063931716796995,6.672937619586933
0.8,118,oracle,1.0,512,256,0.3972325252003082,0.3906941266309577,0.3561544298857827,6.482410338379042,6.453562483280945
0.8,118,validation,1.0,512,256,0.3972325252003082,0.3906941266309577,0.3561544298857827,6.482410338379042,6.453562483280945
0.8,119,oracle,1.0,512,512,0.39589011789520545,0.4211761466686439,0.4211761466686439,6.919675095749046,7.021985023159002
0.8,119,validation,1.0,512,512,0.39589011789520545,0.4211761466686439,0.4211761466686439,6.919675095749046,7.021985023159002
0.8,120,oracle,1.0,512,128,0.46243025071871385,0.42743662766911794,0.4156374331866294,6.801608266841273,6.782502470141019
0.8,120,validation,2.0,256,512,0.5429672056688278,0.4732026128281365,0.42743662766911794,6.753122532407093,6.658497664768698
0.9,111,oracle,2.0,512,512,0.4294578718493476,0.4287738792810607,0.4287738792810607,6.076103351513524,5.986405680954427
0.9,111,validation,2.0,256,512,0.4299493551332795,0.4295313518162679,0.4287738792810607,5.956487442581668,5.986405680954427
0.9,112,oracle,1.0,512,128,0.4083912913460821,0.499749619211589,0.45493192755813416,5.777736390800272,5.8136120777590286
0.9,112,validation,1.0,512,128,0.4083912913460821,0.499749619211589,0.45493192755813416,5.777736390800272,5.8136120777590286
0.9,113,oracle,2.0,512,128,0.33518188452955033,0.4129812432908444,0.35942315876742886,6.113116811619209,6.082775500634667
0.9,113,validation,2.0,512,128,0.33518188452955033,0.4129812432908444,0.35942315876742886,6.113116811619209,6.082775500634667
0.9,114,oracle,0.5,512,128,0.418121959691971,0.4997495025589507,0.35634240749502527,6.443752405891176,6.243886260195301
0.9,114,validation,0.5,256,128,0.4885074369935918,0.48598506990332757,0.35634240749502527,6.363449022599191,6.243886260195301
0.9,115,oracle,2.0,256,256,0.387392937071494,0.511160106897565,0.511160106897565,5.906248649938821,6.031429722242788
0.9,115,validation,2.0,256,256,0.387392937071494,0.511160106897565,0.511160106897565,5.906248649938821,6.031429722242788
0.9,116,oracle,1.0,512,256,0.4098380853949779,0.44880164819915075,0.3967808207472693,5.9942364545575355,5.917168004961693
0.9,116,validation,0.5,512,256,0.46056624001436236,0.44880164819915075,0.3967808207472693,5.969572273544373,5.917168004961693
0.9,117,oracle,3.0,512,256,0.466854115102668,0.6002024550426969,0.5457755353672442,5.932296507776082,6.058510788736189
0.9,117,validation,3.0,512,512,0.466854115102668,0.6002024550426969,0.6002024550426969,5.932296507776082,5.953540588356157
0.9,118,oracle,2.0,512,256,0.35348524454882246,0.4335840127222827,0.4004660978311093,6.247565365990401,6.2639784612357
0.9,118,validation,1.0,256,128,0.44614700594809475,0.4004660978311093,0.4410203523808923,6.212344904574715,6.241858044247442
0.9,119,oracle,1.0,256,256,0.44684992091811127,0.41438050745497984,0.41438050745497984,6.1628442359204145,6.08249752279266
0.9,119,validation,1.0,256,256,0.44684992091811127,0.41438050745497984,0.41438050745497984,6.1628442359204145,6.08249752279266
0.9,120,oracle,3.0,512,512,0.4238828757388461,0.4061603912167334,0.4061603912167334,6.0601458214082164,6.105246320744138
0.9,120,validation,0.5,512,128,0.44808059750648543,0.4061603912167334,0.4186184673914305,6.0232102535651,6.0301610972567
1.0,111,oracle,1.0,512,512,0.3338821761535955,0.3769201414229346,0.3769201414229346,5.460757511410557,5.469315402006488
1.0,111,validation,1.0,512,512,0.3338821761535955,0.3769201414229346,0.3769201414229346,5.460757511410557,5.469315402006488
1.0,112,oracle,3.0,256,256,0.44124826940095724,0.48905894773987424,0.48905894773987424,5.2420679282512275,5.305875850246834
1.0,112,validation,3.0,256,128,0.44124826940095724,0.48905894773987424,0.5048881673774732,5.2420679282512275,5.221900236469796
1.0,113,oracle,2.0,512,128,0.3269128184905815,0.49376979787907727,0.3786148552872124,5.357374226648476,5.358234009919222
1.0,113,validation,2.0,512,128,0.3269128184905815,0.49376979787907727,0.3786148552872124,5.357374226648476,5.358234009919222
1.0,114,oracle,1.0,256,128,0.383329638313965,0.5079123844910477,0.3899808415066327,5.5513283850488815,5.583643267081369
1.0,114,validation,1.0,256,128,0.383329638313965,0.5079123844910477,0.3899808415066327,5.5513283850488815,5.583643267081369
1.0,115,oracle,1.0,256,128,0.4662972954470946,0.48967428944521535,0.41948176600356923,5.328367717226347,5.302381155077308
1.0,115,validation,1.0,128,128,0.5032763099770077,0.41948176600356923,0.41948176600356923,5.317632434653547,5.302381155077308
1.0,116,oracle,0.5,512,256,0.4363492377379249,0.39188312876641085,0.3789735547304236,5.134996602452539,5.146955664068255
1.0,116,validation,0.5,512,512,0.4363492377379249,0.39188312876641085,0.39188312876641085,5.134996602452539,5.139040783828888
1.0,117,oracle,3.0,512,256,0.46296624878509834,0.4593351464835348,0.44854042201413485,5.497072716785242,5.564876915421654
1.0,117,validation,3.0,512,512,0.46296624878509834,0.4593351464835348,0.4593351464835348,5.497072716785242,5.507014688972609
1.0,118,oracle,2.0,512,512,0.3943704894710077,0.4361578782559952,0.4361578782559952,5.52152033058748,5.577877169844355
1.0,118,validation,2.0,512,256,0.3943704894710077,0.4361578782559952,0.44926437839555233,5.52152033058748,5.573273889968745
1.0,119,oracle,1.0,512,256,0.44880249222899427,0.48791628126335773,0.45181118087717137,5.653494623946001,5.669750571596145
1.0,119,validation,1.0,512,256,0.44880249222899427,0.48791628126335773,0.45181118087717137,5.653494623946001,5.669750571596145
1.0,120,oracle,2.0,512,512,0.42707179261667,0.4406229055940622,0.4406229055940622,5.542868064942472,5.4980135273291
1.0,120,validation,1.0,512,512,0.44111675133644945,0.4406229055940622,0.4406229055940622,5.505906475427062,5.4980135273291
1.1,111,oracle,0.5,512,256,0.4080177859426586,0.37857074503243315,0.3546877243335013,4.8830182458314395,4.817233432344618
1.1,111,validation,0.5,512,256,0.4080177859426586,0.37857074503243315,0.3546877243335013,4.8830182458314395,4.817233432344618
1.1,112,oracle,1.0,512,128,0.40228873859375947,0.5118830336698872,0.42098510643994147,4.813804866049554,4.859573247654726
1.1,112,validation,1.0,512,128,0.40228873859375947,0.5118830336698872,0.42098510643994147,4.813804866049554,4.859573247654726
1.1,113,oracle,3.0,128,128,0.4226890218268435,0.41909111513092134,0.41909111513092134,4.763976943724007,4.713333625607235
1.1,113,validation,2.0,128,128,0.42514386155939143,0.41909111513092134,0.41909111513092134,4.694265984596921,4.713333625607235
1.1,114,oracle,1.0,256,512,0.35687130566094505,0.4418240299993681,0.40190554356732805,5.201064620092989,5.197625860424532
1.1,114,validation,2.0,128,512,0.4186953028873398,0.41665741093611386,0.40190554356732805,5.194159187812898,5.197625860424532
1.1,115,oracle,3.0,256,256,0.37462246820585704,0.44758876791880864,0.44758876791880864,4.711434438756459,4.59638145573305
1.1,115,validation,2.0,128,256,0.42580082717757484,0.4563724337178998,0.44758876791880864,4.650759357411111,4.59638145573305
1.1,116,oracle,1.0,128,512,0.368754618227918,0.4184472091253292,0.39918142628730724,4.390682308211978,4.374040318153752
1.1,116,validation,1.0,512,128,0.4002551588695887,0.39918142628730724,0.4184472091253292,4.366615121914,4.366584189626184
1.1,117,oracle,0.5,512,512,0.4081002242311236,0.35814067190373194,0.35814067190373194,4.750749630889597,4.693616893800645
1.1,117,validation,0.5,512,128,0.4081002242311236,0.35814067190373194,0.3809174091130535,4.750749630889597,4.678161049369897
1.1,118,oracle,1.0,512,256,0.311854662965949,0.3904497303216498,0.3682359047851419,4.94269222632726,4.999645605232401
1.1,118,validation,1.0,512,256,0.311854662965949,0.3904497303216498,0.3682359047851419,4.94269222632726,4.999645605232401
1.1,119,oracle,1.0,512,128,0.34534754421701086,0.4146951351062603,0.40609199805913865,4.993414940899004,5.148496919436054
1.1,119,validation,1.0,512,512,0.34534754421701086,0.4146951351062603,0.4146951351062603,4.993414940899004,5.043199093426411
1.1,120,oracle,0.5,512,512,0.43787976020012054,0.4305319708340347,0.4305319708340347,5.055791274682467,5.0564927117168805
1.1,120,validation,0.5,512,512,0.43787976020012054,0.4305319708340347,0.4305319708340347,5.055791274682467,5.0564927117168805
1.2,111,oracle,0.5,256,512,0.3860073983237702,0.3555954330624519,0.34770525096796484,4.09925822658579,4.052307924482259
1.2,111,validation,0.5,256,512,0.3860073983237702,0.3555954330624519,0.34770525096796484,4.09925822658579,4.052307924482259
1.2,112,oracle,1.0,256,128,0.3778477665359208,0.43035948982083483,0.3924740289243219,4.38799226096975,4.327116963160951
1.2,112,validation,0.5,512,512,0.39286678284912624,0.42308091228799155,0.42308091228799155,4.325853558842523,4.317408443390748
1.2,113,oracle,1.0,256,128,0.37073057286607014,0.4225563966566356,0.40158182080416804,4.222142432672033,4.2282156021063315
1.2,113,validation,2.0,512,128,0.37104636417301456,0.5387003184354957,0.40158182080416804,4.181556393426763,4.2282156021063315
1.2,114,oracle,0.5,512,128,0.3351044398731857,0.40094336976064293,0.3562820803637521,4.3502255478792895,4.363874213274653
1.2,114,validation,1.0,256,128,0.34311056817952584,0.4214782017537044,0.3562820803637521,4.337377534786014,4.363874213274653
1.2,115,oracle,1.0,512,128,0.37755747542510465,0.40634897545024684,0.3817720199030557,3.893107203900548,3.8706896471626617
1.2,115,validation,0.5,512,128,0.3830906745181236,0.40634897545024684,0.3817720199030557,3.854251134377671,3.8706896471626617
1.2,116,oracle,2.0,128,128,0.3286173045420123,0.3286659131851083,0.3286659131851083,3.8409171134236253,3.8694664525700464
1.2,116,validation,2.0,128,128,0.3286173045420123,0.3286659131851083,0.3286659131851083,3.8409171134236253,3.8694664525700464
1.2,117,oracle,0.5,256,256,0.32175491440105486,0.2996811850500603,0.2996811850500603,4.215198538741325,4.179749030621997
1.2,117,validation,1.0,512,256,0.3779303663247452,0.5350454744259305,0.2996811850500603,4.1650215143165035,4.179749030621997
1.2,118,oracle,0.5,512,512,0.39296208661025744,0.36024637143562477,0.36024637143562477,4.377517165562003,4.359475477585699
1.2,118,validation,0.5,512,512,0.39296208661025744,0.36024637143562477,0.36024637143562477,4.377517165562003,4.359475477585699
1.2,119,oracle,1.0,512,256,0.33294942383462656,0.3647884328022269,0.3144392909664622,4.45013567473594,4.433417393821326
1.2,119,validation,0.5,256,256,0.3841760141176024,0.3144392909664622,0.3144392909664622,4.398252685344211,4.433417393821326
1.2,120,oracle,3.0,512,256,0.3550319855982549,0.40665667120213556,0.3316733227310218,4.709281040319511,4.70079182046249
1.2,120,validation,3.0,512,128,0.3550319855982549,0.40665667120213556,0.34194432634870753,4.709281040319511,4.686158241244459
1.3,111,oracle,0.5,512,128,0.3583446800153252,0.3768106073678737,0.3192523362195577,3.9605022478476757,3.931097801130936
1.3,111,validation,0.5,512,128,0.3583446800153252,0.3768106073678737,0.3192523362195577,3.9605022478476757,3.931097801130936
1.3,112,oracle,0.5,512,512,0.3718730995859369,0.3261024747886579,0.3261024747886579,3.8726644438951143,3.8250435509945824
1.3,112,validation,1.0,512,512,0.42051442656723187,0.3261024747886579,0.3261024747886579,3.869575387175878,3.8250435509945824
1.3,113,oracle,2.0,512,512,0.30723630039207883,0.29665937644084417,0.29665937644084417,3.6548436687801678,3.628650930097362
1.3,113,validation,1.0,256,512,0.3284141199585917,0.3291951683215418,0.29665937644084417,3.6463083070961146,3.628650930097362
1.3,114,oracle,0.5,256,128,0.30337240733895726,0.31097697018324366,0.2994002989046087,3.9118389415007666,3.890518657531483
1.3,114,validation,0.5,256,512,0.30337240733895726,0.31097697018324366,0.3116928899127711,3.9118389415007666,3.8865222866310503
1.3,115,oracle,1.0,512,512,0.3084650019970459,0.33765296488959273,0.33765296488959273,3.4940265131608212,3.535835075234613
1.3,115,validation,1.0,512,512,0.3084650019970459,0.33765296488959273,0.33765296488959273,3.4940265131608212,3.535835075234613
1.3,116,oracle,0.5,512,128,0.3188903016752429,0.33044502512491736,0.2952737764859982,3.3463341137924942,3.2801443188846324
1.3,116,validation,0.5,512,128,0.3188903016752429,0.33044502512491736,0.2952737764859982,3.3463341137924942,3.2801443188846324
1.3,117,oracle,2.0,128,256,0.2965268888938817,0.3912634794412821,0.29871770773695117,3.56993824236587,3.57072821720813
1.3,117,validation,2.0,128,256,0.2965268888938817,0.3912634794412821,0.29871770773695117,3.56993824236587,3.57072821720813
1.3,118,oracle,3.0,128,512,0.3794122330095757,0.4482904732636507,0.39431185509627686,4.171460575315739,4.0971620486040745
1.3,118,validation,0.5,256,512,0.3976978059371917,0.4664297924031876,0.39431185509627686,4.157863026147023,4.0971620486040745
1.3,119,oracle,2.0,256,256,0.29482909207255975,0.2996286107326818,0.2996286107326818,3.8547601422674918,3.8743564826997776
1.3,119,validation,3.0,256,256,0.2954299673251549,0.2996286107326818,0.2996286107326818,3.8188126301843903,3.8743564826997776
1.3,120,oracle,0.5,512,128,0.31135812437601107,0.31857791204552005,0.26703971006572524,4.448729567554114,4.358894680829732
1.3,120,validation,1.0,512,128,0.3417610348467687,0.31857791204552005,0.26703971006572524,4.34900740670707,4.358894680829732
1.4,111,oracle,0.5,512,128,0.30501224851986064,0.32230516702601664,0.2356511191338079,3.4229192126179306,3.3447643052872746
1.4,111,validation,0.5,512,128,0.30501224851986064,0.32230516702601664,0.2356511191338079,3.4229192126179306,3.3447643052872746
1.4,112,oracle,0.5,512,128,0.2902737990787316,0.2624144904457964,0.2558774010826129,3.3798025253229587,3.3369474738310596
1.4,112,validation,1.0,512,256,0.316004311103986,0.2624144904457964,0.27459668082764555,3.366047357910057,3.334647586358272
1.4,113,oracle,1.0,256,256,0.26324974204040236,0.29285429416770775,0.29285429416770775,3.3984075525695734,3.503826446983803
1.4,113,validation,1.0,256,256,0.26324974204040236,0.29285429416770775,0.29285429416770775,3.3984075525695734,3.503826446983803
1.4,114,oracle,0.5,512,256,0.23953270907423746,0.242133552441033,0.2335039691998044,3.138680231493629,3.161068892536667
1.4,114,validation,0.5,512,512,0.23953270907423746,0.242133552441033,0.242133552441033,3.138680231493629,3.1536370086454406
1.4,115,oracle,3.0,512,256,0.3169840075027146,0.3360363442104055,0.3240437274551867,3.174763160206079,3.097839170750642
1.4,115,validation,1.0,512,256,0.3373450616665016,0.3360363442104055,0.3240437274551867,3.139168659462523,3.097839170750642
1.4,116,oracle,0.5,512,128,0.2152804128897342,0.2374326352812351,0.22187734132497644,2.7796956740154712,2.7651168741038172
1.4,116,validation,0.5,512,128,0.2152804128897342,0.2374326352812351,0.22187734132497644,2.7796956740154712,2.7651168741038172
1.4,117,oracle,2.0,256,256,0.28420797101610984,0.24646499998997384,0.24646499998997384,2.964681299580221,2.9922965280939287
1.4,117,validation,1.0,256,256,0.31224015536753835,0.24646499998997384,0.24646499998997384,2.9502240815223133,2.9922965280939287
1.4,118,oracle,0.5,512,512,0.3520807723949202,0.24920025496878634,0.24920025496878634,3.4818786032149354,3.389698975909504
1.4,118,validation,0.5,512,512,0.3520807723949202,0.24920025496878634,0.24920025496878634,3.4818786032149354,3.389698975909504
1.4,119,oracle,3.0,256,256,0.25760623584383446,0.2483239169699477,0.2483239169699477,3.3352867695672352,3.2917792469658327
1.4,119,validation,1.0,128,256,0.29406421315522263,0.2675362328762374,0.2483239169699477,3.3088360213186263,3.2917792469658327
1.4,120,oracle,0.5,512,256,0.28523538716915847,0.2990812629376007,0.22655508292374704,3.570204388337837,3.486476536078084
1.4,120,validation,0.5,512,256,0.28523538716915847,0.2990812629376007,0.22655508292374704,3.570204388337837,3.486476536078084
1.5,111,oracle,1.0,512,512,0.2165568895586472,0.21974235876650128,0.21974235876650128,3.0028169359323873,2.983721493447667
1.5,111,validation,0.5,256,512,0.25165601288607914,0.2365556456283734,0.21974235876650128,2.9841862298719826,2.983721493447667
1.5,112,oracle,1.0,512,512,0.27193454147929996,0.23816263311277291,0.23816263311277291,2.7540908991758233,2.708182987007717
1.5,112,validation,0.5,512,512,0.2828962398088657,0.23816263311277291,0.23816263311277291,2.739559049086679,2.708182987007717
1.5,113,oracle,1.0,512,512,0.24665907550102495,0.22346385625362142,0.22346385625362142,3.202732306473754,3.1493499421177655
1.5,113,validation,0.5,512,512,0.2516340045692715,0.22346385625362142,0.22346385625362142,3.1693817461734586,3.1493499421177655
1.5,114,oracle,0.5,512,128,0.18325977304304997,0.19306267192771132,0.17737498705888688,2.8186089723065106,2.8139507501109744
1.5,114,validation,0.5,128,512,0.19500591215462482,0.17737498705888688,0.19306267192771132,2.8050083292907253,2.799917099574673
1.5,115,oracle,1.0,256,256,0.29005366069579497,0.2603458555334053,0.2603458555334053,2.743362110049923,2.7463560617706535
1.5,115,validation,2.0,256,256,0.29861968428891944,0.2603458555334053,0.2603458555334053,2.7008387478873557,2.7463560617706535
1.5,116,oracle,1.0,512,128,0.2488718623544145,0.22844719799898452,0.20399079934786143,2.4723661509002004,2.4818731261318776
1.5,116,validation,1.0,512,128,0.2488718623544145,0.22844719799898452,0.20399079934786143,2.4723661509002004,2.4818731261318776
1.5,117,oracle,2.0,512,256,0.2504870538559033,0.28822455140628195,0.24033775157903547,2.5745455716932253,2.5959494603737245
1.5,117,validation,1.0,256,256,0.25393563535708663,0.24033775157903547,0.24033775157903547,2.5744227405436284,2.5959494603737245
1.5,118,oracle,1.0,256,512,0.4146127890368251,0.4118980497361283,0.3824217322013891,3.4331921591349914,3.2979229075842387
1.5,118,validation,0.5,256,512,0.4522724661843922,0.4118980497361283,0.3824217322013891,3.41975917379463,3.2979229075842387
1.5,119,oracle,0.5,256,128,0.26074896443976714,0.24429730376346012,0.2389286883305682,2.975765885945054,2.93755593826942
1.5,119,validation,0.5,256,128,0.26074896443976714,0.24429730376346012,0.2389286883305682,2.975765885945054,2.93755593826942
1.5,120,oracle,1.0,512,128,0.20463907195161435,0.20457034414381225,0.18983387244106242,3.026616482631874,3.032077998691796
1.5,120,validation,1.0,512,128,0.20463907195161435,0.20457034414381225,0.18983387244106242,3.026616482631874,3.032077998691796
1.6,111,oracle,0.5,512,512,0.18727441350391416,0.17594130573404784,0.17594130573404784,2.3173229510371645,2.3116103626535733
1.6,111,validation,0.5,512,256,0.18727441350391416,0.17594130573404784,0.17836006596745493,2.3173229510371645,2.311183293929309
1.6,112,oracle,0.5,512,512,0.18996823383928318,0.17317988588383687,0.17317988588383687,2.3033971301013394,2.2861701316324967
1.6,112,validation,0.5,512,512,0.18996823383928318,0.17317988588383687,0.17317988588383687,2.3033971301013394,2.2861701316324967
1.6,113,oracle,0.5,512,512,0.18056245884605954,0.1692130128188052,0.1692130128188052,2.560986666664745,2.5537033212700413
1.6,113,validation,2.0,128,256,0.23237208634777412,0.17927994896838098,0.18445246807524723,2.552215483219476,2.5488630506847727
1.6,114,oracle,0.5,512,256,0.17238054528927577,0.21147682290289527,0.18673697468231362,2.497277860723214,2.553171338236286
1.6,114,validation,1.0,256,128,0.18911339217862688,0.18673697468231362,0.1919530949868954,2.4755876952531346,2.549695005511522
1.6,115,oracle,1.0,256,512,0.2415720776693796,0.243426841307885,0.2338662984743909,2.3042928724754583,2.2922445273220378
1.6,115,validation,1.0,512,512,0.2447952764944234,0.2338662984743909,0.2338662984743909,2.2995896634671396,2.2922445273220378
1.6,116,oracle,1.0,256,256,0.20136608902250014,0.18499146983996595,0.18499146983996595,2.245699772089954,2.2421456979519236
1.6,116,validation,1.0,512,256,0.20317470814563293,0.23321089961013963,0.18499146983996595,2.2328586888082675,2.2421456979519236
1.6,117,oracle,0.5,256,128,0.18078966577179645,0.176963352079408,0.17040182965534645,2.348370260125119,2.3450205604243113
1.6,117,validation,0.5,256,256,0.18078966577179645,0.176963352079408,0.176963352079408,2.348370260125119,2.334625998209935
1.6,118,oracle,3.0,128,256,0.31513497725653233,0.3323194454922008,0.3222724996529071,2.637480954053327,2.7160493290020042
1.6,118,validation,3.0,128,256,0.31513497725653233,0.3323194454922008,0.3222724996529071,2.637480954053327,2.7160493290020042
1.6,119,oracle,0.5,512,128,0.19507684446585952,0.19660356379373362,0.16780117250643276,2.650215025532908,2.690348856411906
1.6,119,validation,0.5,512,512,0.19507684446585952,0.19660356379373362,0.19660356379373362,2.650215025532908,2.6640130946031833
1.6,120,oracle,0.5,512,256,0.20620384576454,0.18658012361536516,0.18224378599822808,2.5024002333537005,2.4835709771229135
1.6,120,validation,0.5,512,512,0.20620384576454,0.18658012361536516,0.18658012361536516,2.5024002333537005,2.467577038267602
1.7,111,oracle,0.5,512,512,0.13973074615880482,0.12684669973147988,0.12684669973147988,2.013960841809462,1.996388857934597
1.7,111,validation,0.5,128,512,0.17533384038394828,0.1322252517737789,0.12684669973147988,2.0066461308536874,1.996388857934597
1.7,112,oracle,0.5,512,128,0.13783189329432163,0.1401654052439723,0.1272032055589339,2.1086602730696584,2.0797913039256413
1.7,112,validation,1.0,256,128,0.1582778519701252,0.14386718289452594,0.1272032055589339,2.0617497910195532,2.0797913039256413
1.7,113,oracle,2.0,256,256,0.14345294220115815,0.1603237696859782,0.1603237696859782,2.2488249461275416,2.205022672237382
1.7,113,validation,1.0,256,256,0.17009450578366792,0.1603237696859782,0.1603237696859782,2.221090111952991,2.205022672237382
1.7,114,oracle,1.0,256,256,0.14049943794696196,0.13142766225127278,0.13142766225127278,2.2259796572901953,2.2071125646299463
1.7,114,validation,1.0,128,256,0.17855699246230297,0.14837999063733995,0.13142766225127278,2.2026771730877464,2.2071125646299463
1.7,115,oracle,2.0,128,512,0.2492704880530562,0.2988235684623931,0.28599504931307357,2.008097445076547,2.027885418563541
1.7,115,validation,3.0,512,512,0.2854243463953771,0.28599504931307357,0.28599504931307357,2.002028812630541,2.027885418563541
1.7,116,oracle,1.0,512,128,0.1553084305855759,0.15220901919877458,0.13106786752822275,1.9916774015974112,1.9652828007882852
1.7,116,validation,0.5,512,128,0.16239193332153642,0.15220901919877458,0.13106786752822275,1.9906258859122108,1.9652828007882852
1.7,117,oracle,1.0,256,256,0.17488688607677078,0.13166857072451904,0.13166857072451904,1.912319003163766,1.8651864079542282
1.7,117,validation,2.0,256,256,0.20488135021766746,0.13166857072451904,0.13166857072451904,1.8888421798846577,1.8651864079542282
1.7,118,oracle,3.0,256,256,0.26829551488363707,0.29444104760039086,0.29444104760039086,2.6239319434702906,2.6072494947956244
1.7,118,validation,3.0,256,512,0.26829551488363707,0.29444104760039086,0.29540253326600474,2.6239319434702906,2.5760443515267637
1.7,119,oracle,1.0,512,128,0.16011707015352603,0.16143426905670125,0.1509488955300173,2.146482994430281,2.177303370938196
1.7,119,validation,2.0,512,128,0.24608420438302187,0.16143426905670125,0.1509488955300173,2.120429488647884,2.177303370938196
1.7,120,oracle,1.0,256,256,0.1797679662053006,0.155915101517471,0.155915101517471,2.114843474966479,2.09113600436392
1.7,120,validation,1.0,128,512,0.19039847345392363,0.16153108640753963,0.15778268014847902,2.084346931007486,2.085924817620993
1.8,111,oracle,1.0,512,512,0.1286343822195257,0.1512001702834847,0.1512001702834847,1.8052540947215088,1.8436680593877222
1.8,111,validation,1.0,512,128,0.1286343822195257,0.1512001702834847,0.1530316078604051,1.8052540947215088,1.8434066490428316
1.8,112,oracle,0.5,512,128,0.11213202398455427,0.12621164629567627,0.11532761225236264,1.9472516726022793,1.9141333942905305
1.8,112,validation,0.5,256,128,0.12392924639742497,0.11611403407310823,0.11532761225236264,1.9367454906580246,1.9141333942905305
1.8,113,oracle,0.5,512,128,0.14966933407634678,0.1484026860638476,0.13914730931659985,2.179982546482661,2.1369474500291954
1.8,113,validation,2.0,128,128,0.15767295804030101,0.13914730931659985,0.13914730931659985,2.165008964480363,2.1369474500291954
1.8,114,oracle,0.5,256,512,0.13533957516449505,0.14154113813766972,0.1298182271088634,1.8364671764891978,1.852652739594963
1.8,114,validation,0.5,256,512,0.13533957516449505,0.14154113813766972,0.1298182271088634,1.8364671764891978,1.852652739594963
1.8,115,oracle,0.5,512,512,0.1932535939928669,0.17721196951304213,0.17721196951304213,1.7585488149089519,1.7276182724867022
1.8,115,validation,0.5,512,128,0.1932535939928669,0.17721196951304213,0.1783561395617271,1.7585488149089519,1.7258066944512296
1.8,116,oracle,1.0,256,256,0.13552650102461153,0.11452751462381702,0.11452751462381702,1.896653419215649,1.868670533435997
1.8,116,validation,1.0,128,256,0.14937368186550182,0.11925398798536044,0.11452751462381702,1.873703474790302,1.868670533435997
1.8,117,oracle,0.5,256,128,0.1483088711674434,0.1543880289301368,0.1329489996679173,1.804496903350045,1.7724487255537733
1.8,117,validation,1.0,256,128,0.1537051238091141,0.1543880289301368,0.1329489996679173,1.7391912533145586,1.7724487255537733
1.8,118,oracle,1.0,512,512,0.12570488088302373,0.10600456469466596,0.10600456469466596,1.9970069487035718,1.9967237192633298
1.8,118,validation,1.0,512,128,0.12570488088302373,0.10600456469466596,0.10844805777049862,1.9970069487035718,1.99602625009357
1.8,119,oracle,0.5,512,128,0.17766435721898147,0.14872794533082176,0.14304126396281372,2.0717412435174936,2.0364710939087463
1.8,119,validation,1.0,512,128,0.19344580827229368,0.14872794533082176,0.14304126396281372,2.014136147677316,2.0364710939087463
1.8,120,oracle,0.5,512,128,0.1489336125428356,0.13603449717139413,0.13067131109942018,2.127640090817428,2.1318362982691155
1.8,120,validation,2.0,512,512,0.16779827888466653,0.13603449717139413,0.13603449717139413,2.073831960200946,2.12968315035861
1.9,111,oracle,0.5,512,512,0.11312006932731616,0.10319395451949256,0.10319395451949256,1.7025968538027072,1.6703344485197889
1.9,111,validation,0.5,256,256,0.14733951474326393,0.10526196417377785,0.10526196417377785,1.6740007873612037,1.6701667644881297
1.9,112,oracle,0.5,512,256,0.1286691035023659,0.13725528615861543,0.12336338507844011,1.5752399005115665,1.579141462028416
1.9,112,validation,0.5,512,128,0.1286691035023659,0.13725528615861543,0.12373900083227174,1.5752399005115665,1.5790428253036135
1.9,113,oracle,1.0,128,128,0.11526169221508975,0.1260820069653204,0.1260820069653204,1.7976357716366504,1.8107166961495653
1.9,113,validation,1.0,128,128,0.11526169221508975,0.1260820069653204,0.1260820069653204,1.7976357716366504,1.8107166961495653
1.9,114,oracle,0.5,512,256,0.11706133816204137,0.11348154455691059,0.09415068390960162,1.8589322273683269,1.7771493658832411
1.9,114,validation,0.5,512,128,0.11706133816204137,0.11348154455691059,0.10318134831859652,1.8589322273683269,1.7530679526232171
1.9,115,oracle,0.5,512,512,0.13667138716707983,0.12115967736344345,0.12115967736344345,1.3718817007516428,1.3583884636774826
1.9,115,validation,1.0,128,512,0.1524836881741043,0.14947008298560557,0.12115967736344345,1.3488364942790363,1.3583884636774826
1.9,116,oracle,1.0,512,512,0.10538031547908881,0.1158045457872389,0.1158045457872389,1.6933471426479842,1.7080967024465832
1.9,116,validation,1.0,128,128,0.12269419187569611,0.1174178131339845,0.1174178131339845,1.6900409068413282,1.6965056943880887
1.9,117,oracle,0.5,512,512,0.11359859469595252,0.10908736360792659,0.10908736360792659,1.4207951328520863,1.4137429944341824
1.9,117,validation,1.0,256,256,0.13549934125790747,0.11076176923149345,0.11076176923149345,1.4195538594701302,1.4136534323577208
1.9,118,oracle,1.0,512,512,0.12187335419621619,0.09629587564500762,0.09629587564500762,1.6522268488966165,1.6367129109565832
1.9,118,validation,1.0,128,512,0.12762469272258245,0.098060035840079,0.09629587564500762,1.635520315829616,1.6367129109565832
1.9,119,oracle,1.0,512,128,0.1144660683428885,0.10561687122649434,0.10316045196420007,1.5889762849291242,1.5958320863348083
1.9,119,validation,1.0,512,256,0.1144660683428885,0.10561687122649434,0.1046562418013095,1.5889762849291242,1.5927122001531198
1.9,120,oracle,0.5,512,128,0.09738160025118356,0.09718289120016674,0.0912289028350644,1.6033490088652196,1.5916121480321186
1.9,120,validation,0.5,512,128,0.09738160025118356,0.09718289120016674,0.0912289028350644,1.6033490088652196,1.5916121480321186
2.0,111,oracle,0.5,512,512,0.08939197644660841,0.07911345986813986,0.07911345986813986,1.4878546312133392,1.4978377721876677
2.0,111,validation,3.0,128,512,0.16156465639921402,0.08086320532537697,0.07911345986813986,1.4802398091922992,1.4978377721876677
2.0,112,oracle,1.0,512,128,0.08716463912430046,0.10675286203578621,0.09110814250687474,1.4797134539012051,1.4840730943097287
2.0,112,validation,0.5,512,128,0.0951746560255011,0.10675286203578621,0.09110814250687474,1.4720976094305664,1.4840730943097287
2.0,113,oracle,0.5,128,256,0.13763849646944132,0.12059872940342496,0.11944376597625644,1.5423349065282659,1.515995405674134
2.0,113,validation,2.0,512,256,0.17313411363539383,0.12754959599989835,0.11944376597625644,1.505460075709492,1.515995405674134
2.0,114,oracle,0.5,512,128,0.09373766295909208,0.10634457068149088,0.08645579461311026,1.660917105311234,1.6438861295056062
2.0,114,validation,0.5,512,128,0.09373766295909208,0.10634457068149088,0.08645579461311026,1.660917105311234,1.6438861295056062
2.0,115,oracle,2.0,128,512,0.12953754560634395,0.18106379021793853,0.17208887465981296,1.617607071524427,1.5701858290410713
2.0,115,validation,1.0,512,512,0.13169884284549438,0.17208887465981296,0.17208887465981296,1.5716890101399261,1.5701858290410713
2.0,116,oracle,1.0,512,128,0.12852934779782133,0.17775878059135974,0.11978800144446478,1.719776152889336,1.7051832385205672
2.0,116,validation,3.0,512,128,0.13912904282177196,0.17775878059135974,0.11978800144446478,1.7029527655228258,1.7051832385205672
2.0,117,oracle,0.5,512,512,0.09243734238409061,0.08791624087800247,0.08791624087800247,1.3065362584154594,1.306524595039202
2.0,117,validation,2.0,128,512,0.11567254811838668,0.0885564989741405,0.08791624087800247,1.2987501431665154,1.306524595039202
2.0,118,oracle,0.5,512,512,0.07475333425169223,0.07818233476357271,0.07818233476357271,1.528887762682055,1.5344209558666009
2.0,118,validation,0.5,512,128,0.07475333425169223,0.07818233476357271,0.07867993938275025,1.528887762682055,1.5343156671687452
2.0,119,oracle,0.5,128,128,0.09026019353836778,0.08395502945343955,0.08395502945343955,1.4350279137997517,1.3894688734648781
2.0,119,validation,1.0,128,512,0.14677204421107604,0.08395502945343955,0.0867872431604807,1.3948000972120826,1.3890095828561284
2.0,120,oracle,1.0,256,512,0.09718691967851516,0.1428608210551653,0.08484694108698812,1.6036722586036973,1.5713304402307375
2.0,120,validation,0.5,256,512,0.13021020399058436,0.1428608210551653,0.08484694108698812,1.5978983513479699,1.5713304402307375
