architecture,objective,lr,seed,key,kl,validation_nll,recovery_1000,coverage_1000,parameters,seconds,sample_sha256,initial_sha256
dense,expected-parity,0.1,1001,dense_expected-parity_lr0.1,0.4480481202111277,6.221619984494131,0.4020430750322372,0.1198088363596067,66,0.34100416698493063,d8b67b39bec55f9bccd9bebd4b1d3debec2a84bf9064b70ee7061c6544f28cca,3b8e66d698318c02158cbe340559690196d7b027a4090ec100ea5e66f3e870d6
dense,expected-parity,0.1,1002,dense_expected-parity_lr0.1,0.3530885000879122,5.976399281416387,0.4165529652948689,0.11996725400492224,66,0.335818791994825,9a04e962016a57ba588eb7a4bd1780e53595ee328f42750835f7a99485fbbc35,f66b95ad3d1778b6284bb136150f8352f95000fbb1599b55410b8ddbe44ced8b
dense,expected-parity,0.1,1003,dense_expected-parity_lr0.1,0.2692064379936026,5.957155709969634,0.44466662421753905,0.13251065401682663,66,0.3453250000020489,5c2744c6fa14188668429fb63d06ff4470ed82c656c3a1e313906d2d1ea5a600,e79a055dbe36cbef734b7f192b9c14a371725331e6dfa6e69079860324999a9f
dense,expected-parity,0.1,1004,dense_expected-parity_lr0.1,0.37403389446398316,6.032667720202985,0.43040803057333576,0.12826159311085406,66,0.3330498329596594,c91ca6bc2aa39f72a1586af6b66c1c16a5de9bdaf642082b4c0d322d6a8af6df,8f247fd263b2a19e95cf04475b859db61d238b0211c1947bb6b9f8d494ca19dc
dense,expected-parity,0.1,1005,dense_expected-parity_lr0.1,0.44564158871432275,6.09962525436611,0.4048074654041429,0.12184704708664702,66,0.3939482079586014,83bbb4e017db8a4cb9d3dd04d7b135583fb72be308d8e8d8697ade0f08b15675,293590bfa6afb57d8c237be7e9bd56a446dab86cc473e052c3ca6fcf00d4726a
dense,expected-parity,0.1,1006,dense_expected-parity_lr0.1,0.32240756452250363,5.908976757581039,0.4127183825101404,0.12340279637053199,66,0.3938200830016285,97bfb6b6872a3646017b1dad453aca4a0629c2c7a61d8d55410d50f3e2801965,579609350f7543f6786cf1a32e4d72c5181c19930fad827607e7f0b20c46e455
dense,expected-parity,0.1,1007,dense_expected-parity_lr0.1,0.33320866403630967,6.0558092558661905,0.4275291181568952,0.1248385025018134,66,0.3976478329859674,0cd593f511077d4f853aa0452c5bd1d82d66f28a530eab73e030463170e12033,b6ba86163b0fa47ab4c74722d54620924fc44b361fec83ab88b0b220fc60722d
dense,expected-parity,0.1,1008,dense_expected-parity_lr0.1,0.31613190700550026,5.849814214030487,0.42959908038858097,0.12372453515191131,66,0.3899743329966441,a1bbf2e60c67adbdeb1e984a1a247022667ddcb302547c9801ecb347472bcd53,9522a5ba6ef49152f1c598b2c409dfdb86644b8d3ac9c7ef1a15d2bcfa75b056
dense,expected-parity,0.1,1009,dense_expected-parity_lr0.1,0.44043387117344823,6.130154059772596,0.40963083907771,0.12125072836700215,66,0.3730030000442639,9667d1e760ab11a566136a8a0f1086c445b8d14236780e7bb96089f6ee01546d,eed8ff575035cba9693ef126c4f4922d1566abf7304763db16e53b575ea6cff1
dense,expected-parity,0.1,1010,dense_expected-parity_lr0.1,0.39477239993363444,5.989506966955376,0.434049836580389,0.12109990440592852,66,0.3651784589746967,24fba8bd3ef62ee408b72ae77d4f4f17207403e680d8e04300593273aa3d09ee,9aaccb6421116e053d935a75fe328f080f80cd581c04ee5fd048a74161b13d23
dense,expected-parity,0.1,1011,dense_expected-parity_lr0.1,0.3286259058003761,6.008302875858062,0.4648541806048127,0.13806169163962936,66,0.3683669159654528,6fd16a9a5b505ef800214c051c6a2ab64777ed3d8f6331b9069b67577e55e6b9,043666f48ef6ffb235855cab2da4b0d338a46bd7f820c98b7c673777ce49f000
dense,expected-parity,0.1,1012,dense_expected-parity_lr0.1,0.3464440462531525,6.037906370550701,0.44109291030456027,0.13012240853984527,66,0.3684586670715362,3c952c5a059a0250e18c66ecf40eabef7203ddcd9c25bb05f02ed3adbaf1c160,e0acc84f007f2acd96763baf86ab6c836b60569e6713809f26fe1fe1a7c6c0f9
dense,expected-parity,0.1,1013,dense_expected-parity_lr0.1,0.30551248373061896,5.930179693217306,0.4490988355829936,0.1347296506748981,66,0.35400879196822643,4858eefcee967680a745c752b8eb8dd6324b0d52e83d792003e1964fc3594855,2f3db54d9f830c893044c9de49ced7579cb19b1a4887e7cf9109947ed5d89c77
dense,expected-parity,0.1,1014,dense_expected-parity_lr0.1,0.30045221850530657,5.994616703681238,0.4590821768894479,0.13083842041349267,66,0.35512220801319927,364d404eb6cc8fa40e500b7786284b188c7306990e306334ce156a9fbad83d11,1e18388818558bb6705d68ae9cc3cde33d88f12bd9b41751ba925927c2923345
dense,expected-parity,0.1,1015,dense_expected-parity_lr0.1,0.3517557086054758,5.924129851757261,0.46658197157700326,0.140441173444678,66,0.35963141603861004,0d8e98cd6bcaf55451d8f4e8934fee61678f258b1e3d3bd2629a483cfe044d79,b390d4e88b6bf9572ea7634b9b734ca4a62a6ca0bce19a1f016254ed8d729c6f
dense,expected-parity,0.1,1016,dense_expected-parity_lr0.1,0.3451323070144169,5.915264596337072,0.4082923668291778,0.12371258714924087,66,0.35217045806348324,af765f468c33ca4f7346e5f3229c51841636a5fc19eb587531ecade8afb98cd9,4bf17a206564bd5f1d0957c6011a7b8611b38699d47b57d0e7aaff1f0b08159a
dense,expected-parity,0.1,1017,dense_expected-parity_lr0.1,0.37048904481875944,5.936427274661717,0.41930034867493776,0.12788660634585602,66,0.3345861249836162,db9e3419e23ea7a590ed4a22fa5155aaaaefcf3788e0b9245348341b9ae5a490,7c185bc1d46a96c41519380d0c76bccc2172a3704885c43920c8599e4f952f3a
dense,expected-parity,0.1,1018,dense_expected-parity_lr0.1,0.35536949211218805,5.9595116790240645,0.48711993310169,0.13834206100087998,66,0.34030616702511907,a44060f1dfcf271003cc60d3fd9da15236186651cdc390235f2626d135b0bd76,a65b4fa01d22d0d612ea7e63c4126a73badacc1eb27e633893dc837178a352cc
dense,expected-parity,0.1,1019,dense_expected-parity_lr0.1,0.41142347543632185,6.057662172126748,0.4246774940403319,0.12995131317634157,66,0.3422980000032112,cb5e3c7630e3360d79aab33dca43de4402e3081b5021e7818deb64cf625d2052,92d510a157400f45e27ad94ac709834f1c01378595e9b393cd56763e9d0e27d2
dense,expected-parity,0.1,1020,dense_expected-parity_lr0.1,1.1979191096843216,6.845263783843904,0.24728720121826975,0.07294972435938958,66,0.33789408300071955,70c533186935953d44888f9a9dd543b628ef786748305418bd42b11438995361,a7807b5ef624edfd833e742609cbad5199892d65091cd805866b36cc3f1eca37
dense,expected-parity,0.1,1021,dense_expected-parity_lr0.1,0.32844541636959357,5.95090251947372,0.44587030901112296,0.12707303806817002,66,0.35217495809774846,c30646e152524ef56b29fa5c1edcf7d26f48a8e38209818df296fad57c94b376,96d3ac245dc59d8dff82100047185e8fa570152e7efeed3abfcca48c734a1b33
dense,expected-parity,0.1,1022,dense_expected-parity_lr0.1,0.4008749657826902,6.040905246599931,0.43707396006824506,0.12893681822013228,66,0.35464575001969934,7872e327670b2cd29e6696454ff73757f74e45c65c01142055e66c9b71ec4207,240211e65fd5f4ce1b449820283294310a8e4b5231f62a2a14a5d132f10efd9e
dense,expected-parity,0.1,1023,dense_expected-parity_lr0.1,0.3762427814360875,6.021310908238138,0.45436358702963825,0.1340372581737433,66,0.355379999964498,0c9c2eed7ced0c9f3d32756ce2fa4803cbecf1f1e910032a98b4e22e08d4185d,a818cf20dbfd93e8c6f4342bf2d6b9d64c282c9e290444a51487482924fe011e
dense,expected-parity,0.1,1024,dense_expected-parity_lr0.1,0.3314107861250588,5.970955783807476,0.4468568832562207,0.13450392186012244,66,0.36988612497225404,2dcaa4a06d6a123a29a6c46f6054a2a76697bf86624485b289436d43caa5acec,5b9fd8d92fe0d2e872c086a297dd3905e64a928420807883ab9e23f75683a84a
dense,expected-parity,0.1,1025,dense_expected-parity_lr0.1,0.40131501951546394,6.0736033627070904,0.43049667057947866,0.13000999451500256,66,0.36690199992153794,6b9649fb1d0dcf6eb58962b41326f25cc15f4764495639c6cb94ae961ee6cb5c,6a863ed24ea9b299cec437fd3df6c70bff9d6aa0f15fd4bfd7672f1d6ec6d331
dense,expected-parity,0.1,1026,dense_expected-parity_lr0.1,0.32870465207958965,5.9634488663470915,0.4639710153924686,0.13501556547920837,66,0.36438770801760256,5332d2871ed2fac0949dd6bc154e6d8ac62323c854b30f1329f1e011b4f1d8e6,6f308648c4c406bd89510406cdfd139d8adef6c8ed92a807275f0c48c16f93c7
dense,expected-parity,0.1,1027,dense_expected-parity_lr0.1,1.2411623819342115,6.92606762392119,0.23868498391976234,0.07136681019200894,66,0.3690701249288395,ef18067c940476be8b64d6f8b33db4af03c12a08b4285aa2cb44b20112d848d3,f6ab5873d9831be1917ce9fd78e93d2402c1497c2f9d46c4fdac4cb2e43ce350
dense,expected-parity,0.1,1028,dense_expected-parity_lr0.1,1.4870305971763538,7.035329421139133,0.3096008541591311,0.08978424770614801,66,0.36495225003454834,ea8048e5ab7ca0e4ea3a06f42a6ba49cabe017ae5c5bfd18fe2840fb87b7680b,99e3665a2b99892dfdf7af4379d12fc834deac57924cf6cc66d6a593da4e0af6
dense,expected-parity,0.1,1029,dense_expected-parity_lr0.1,0.35390748362493485,5.98101049376198,0.4160976616684207,0.12358100551552095,66,0.38054554199334234,5d2a92e7b41903c486f3e70fc6f7444cf43eac028db595193d8f512b008c572f,740d1c43375db69a9a84a4b67e4bc757a5c591f12d427013ea503b57a19b6a62
dense,expected-parity,0.1,1030,dense_expected-parity_lr0.1,0.30592956248896336,6.0218586587144545,0.43402867412598406,0.13194471693429916,66,0.3803058339981362,a2a5bfdb02c1d45d1699917cbb0ed76a474225aca8111cae39f9e6381292aaa6,3e058bc3464bf9a52b4fa9dacec751ac34d6f7f290ad2de38b2a62b2ac11cd1e
dense,expected-parity,0.1,1031,dense_expected-parity_lr0.1,1.4135395450960704,7.07257950102732,0.2681566190672586,0.07803357614857225,66,0.38045320799574256,3c51e32359df2bf54da0ae7ff1a933e2c13b245e018bc2fbcb3d0e270e8c4ec8,a589e80fae5b7e6199bd6b4d2a3a1ca4f7e3a28d33c559a64a1eb520d756da66
dense,expected-parity,0.1,1032,dense_expected-parity_lr0.1,0.3975057654740468,6.074664104947244,0.41880396461242025,0.12438477748988883,66,0.38948466710280627,35ca9094eb50ae6b67469a0f389ca752dfe6e3d6e4cfbe7f1ba666236771ef5e,160efb7f363a5ae9449684506da6ed9770f6bac9db84449ac6276319dc3e9f41
dense,expected-parity,0.1,1033,dense_expected-parity_lr0.1,0.31981896218214856,5.9919293932308175,0.46806288663055606,0.1404188659891668,66,0.3677984579699114,eb781c65f8f2f4f7ad912b767c1c3859a32f5c9829af36471dc7ddc06ba2128e,f14039913244c485893e2ca2f45e74de91e3783b2515d5d7d700c6d8fffa944e
dense,expected-parity,0.1,1034,dense_expected-parity_lr0.1,0.39775345726214417,6.058392095126045,0.4200515156153922,0.12559540316900228,66,0.3605992499506101,44fe9d3bfafa880ef02fdb7f827075fe4108008052035fcfbdb6a6bf6b7d1191,d762b3604d9144efaf8941e0ba3ef8a800e5e0a9571ccb519fa830860fbb88ee
dense,expected-parity,0.1,1035,dense_expected-parity_lr0.1,0.48076302113489383,6.129913466896745,0.4568482886305471,0.1320291554142281,66,0.3622607500292361,8b2f889f1134f60faeea65d429c835d1ff84f83ae7b2b7b169f17c0143374ee7,8773e0724f4b5943ecffd6dcc92efb8217fcacf6b62ca446f81800c23cfc92b3
dense,expected-parity,0.1,1036,dense_expected-parity_lr0.1,0.4524572326519119,6.112058450794209,0.4198401555913182,0.1242726860550302,66,0.353401834028773,77a0f9043d3e75493ba304dc79e70c601687f7ce3aa9b8ce3f5f24132e01540b,35f8d743f09a736d0c9222bd882353e7f451d12287b3f60cb72e7d69fdedeacd
dense,expected-parity,0.1,1037,dense_expected-parity_lr0.1,0.37766767883166796,6.043899199161474,0.4402077375763315,0.12810045163471248,66,0.3461099580163136,05a2a91ec2f0f0db0ac4204f860c1749356e21df257c586d3db5ad5bfe5b7bf5,3a06201a21db31e24e634e4b2134bdb457b02d222c7e3c0d88cbadb8e5e61793
dense,expected-parity,0.1,1038,dense_expected-parity_lr0.1,0.32552945878234674,6.008499356710516,0.4353803534744991,0.13017872568887523,66,0.33875104202888906,a4553a2c764f6914be5fc9f2f755d6d0da754409dfd6d47579e72d7bf3ac64d1,6511b680c2fdfab10dc48d71a7119cd40f4fd60d63c90409fb3a925cea156cb8
dense,expected-parity,0.1,1039,dense_expected-parity_lr0.1,0.4736883473378679,6.050226997500254,0.4114447302748836,0.12590208746411438,66,0.3394835829967633,c69409e26a640ac42e446f6e11a36e920777dd59e5daec5a1b3d3ebb2561cd8d,13e48a85422ee965f6e67cfa1126d4b8091b48af1e2affd9d16418a8c8e714c4
dense,expected-parity,0.1,1040,dense_expected-parity_lr0.1,0.34362469374485993,6.037580507891159,0.44961475472780615,0.1312875083805194,66,0.3401726669399068,e23fcbf100776d4b6fa70311897dee26f2698907face6ee51700226641f10ab6,67d1a8857feaf8224de749d6ad79d6d8fce8ab282154b9020f32cf36fdf4d110
dense,expected-parity,0.1,1041,dense_expected-parity_lr0.1,0.39578605563693564,5.948950445341131,0.39519919249091306,0.11895495693976482,66,0.3736488330177963,7a44f9ec7fdf9255b94ab8c9ddf83a54b4e9b735d0bc2a666fbbea5fe3bfdfd8,8591168878e47a7eec729e61e90fcf63189b4f2fed7113b7844f63b4565d99c7
dense,expected-parity,0.1,1042,dense_expected-parity_lr0.1,0.347269866716044,5.963534761667924,0.4125823616084447,0.12336212612092497,66,0.37318574998062104,c11834046b17ad15197a6803f14120ea732ba339ced76353925e56590922cbb7,781fb7bb2be704822d9e20674173436fc381138d0958f120cc6b826f586b36ca
dense,expected-parity,0.1,1043,dense_expected-parity_lr0.1,0.36624774099286067,5.976720330057311,0.4257700711516823,0.12517640091859458,66,0.37463400000706315,025a58361caed61942f1056bbf840c2619dd7a08f53f4e9767b8acbfe1cd6f51,7f4d12c0425bbd686ed47fcd1b81ce5b76f122af920c32ff2986ddabb7bb4edc
dense,expected-parity,0.1,1044,dense_expected-parity_lr0.1,0.31131086236462524,5.992543698891978,0.43508339675452906,0.13096010242311326,66,0.3697820829693228,d55f82aee647cfb54d3763879738544f054cb331fc2a8e8a2f7b58e7ab20bf9a,cbdd93869644228bc3d5e252b11c3d0ec80436b321556510b5f51c620dc4e7b2
dense,expected-parity,0.1,1045,dense_expected-parity_lr0.1,0.35239401617059085,6.045144823444276,0.44538199032895076,0.13405997908901418,66,0.3339794999919832,8c21e594fa33731c1299b46b7a53fcea35c51eeae962d08be860704e9651b3f3,2d3367fb9342df89bb3f887660cd0493eacc12541cc2de30bc4b3093e03d361f
dense,expected-parity,0.1,1046,dense_expected-parity_lr0.1,0.3297563675234565,5.910158302087895,0.4466746707484781,0.1308756785293041,66,0.32910274993628263,50c5ab394fecd0a67effee49e2dc467e1b5726d573d0d4b0b0fca3d464b657c1,7665efa4923a92758071cf2d0bcc103634c9e20028efd953f4bcfe4f6a42f7a3
dense,expected-parity,0.1,1047,dense_expected-parity_lr0.1,0.42431246260122735,5.973536374388097,0.38398529663605435,0.11788348606726869,66,0.3330885829636827,32a02f3816713ff5c3bb316fa8e90c34868caf9816b120082f87525e08f8eea3,d1d76de118d2b7c879b9d5bde9b3043bcb61b5dd873ed3c1af450fa5d81e8a11
dense,expected-parity,0.1,1048,dense_expected-parity_lr0.1,0.3002665667376137,5.955687719839594,0.4801011677027106,0.14162984447229962,66,0.3338018750073388,52d5584ff8f88bb0039e31171304ebf533a30398f1a01f99a893785474866a66,bb5721bfcd8a241b2bf30d5d301477033782df3d126d05cb0193cfc64f82e324
dense,expected-parity,0.1,1049,dense_expected-parity_lr0.1,0.34517003230110355,5.980291937535595,0.4650702946665201,0.13533545574795736,66,0.3269700830569491,c07d5b9d7d3d83865356bf70ff3d6acbd4230c5027830c2b3a7fde11d954c80a,47b1773176fde51586eec99e69a98b943ff00b011ae0002d4dcebdfef7377726
dense,expected-parity,0.1,1050,dense_expected-parity_lr0.1,0.26460046601226006,5.921649463424719,0.4531847878159343,0.13323632761788468,66,0.32980266597587615,6960888a53c602d2814092b439bff21b1d7314a8580ce5946536c2786cf8f540,4d78eb95726620f9679b2fa16d5934a6edd31619041bbae823de358424211ac8
dense,expected-parity,0.1,1051,dense_expected-parity_lr0.1,0.3710966542987912,6.010609374896314,0.40663280473197216,0.12198984141959165,66,0.34076183300931007,2a3326a2a9e683545bef56d0e4c1ce563b1f5b70fab90536a2bf92220c7cc8e1,d2cf98e124e3c7dfffb599d6b1e385a8285f4d4cfca329d6c8c91594e27f0171
dense,expected-parity,0.1,1052,dense_expected-parity_lr0.1,0.3820022573876507,6.017698341865216,0.4276973621933316,0.12745381393361283,66,0.33468320802785456,fa35e7a6cdcc11741645f5996a28cd06b9371a4a1c2f1ad7fb7424d7f577218a,fba037cbd11c2ac0d30ea29e82934c02345ab8fc9cc00ad9d131c883ad1d3494
dense,expected-parity,0.1,1053,dense_expected-parity_lr0.1,0.42701235640112195,6.130918515938272,0.42113738332760003,0.12423552808164201,66,0.33296395803336054,79df9439b4d95f2986ed97aacb7e86ce7b1ee016b96291cd179e2ccd42386eeb,86deb82f68532933dcabdd8a5c0603e825dee32ff1394f9fd14aad8b3839c401
dense,expected-parity,0.1,1054,dense_expected-parity_lr0.1,0.38607277909412757,5.916753275121901,0.39890840424775226,0.11927361287007793,66,0.33114458294585347,13f9bcfa4db2cc2a2c05d061a5c97c8e997d2ce08dab5b8edfa06263a266067c,5a859bc70a687c7ea4ef617585c6b56ccf2c6ad2b410559ae17bc88fb6cee54e
dense,expected-parity,0.1,1055,dense_expected-parity_lr0.1,0.3778323564601442,6.03667998301564,0.42642483601548337,0.12750102596862953,66,0.34522712498437613,5519425b7a8f96ff467fc3e1fcf74125c2cfbeb26b21958859f79b18b443f4d2,f88a3e8df5fa57b410757fe97ecf3aa17ef1b588ddedd0383565ea13f0736204
dense,expected-parity,0.1,1056,dense_expected-parity_lr0.1,0.2956710090745015,5.946423094606779,0.44139492580581735,0.12977010818691032,66,0.3507259169127792,f9b707135fa479de697a425d73602cdd3bd74514ebd653b2c0e2ab850edcaa30,b2929b4505fd3f9fdf1db3e23c05a597e0173c6f182a47fc7c3a363be3f54473
dense,expected-parity,0.1,1057,dense_expected-parity_lr0.1,1.2500196935885717,6.755896507985752,0.22011456641653745,0.0658142553585447,66,0.3653885000385344,d28b67feaf4f1656bc1cad5f07ad22e2eda476951f0fd60ae372b962e0a75e1e,44f9c60c731b2ce0b551462029ed05a8806442e685f056418b8332a2592750eb
dense,expected-parity,0.1,1058,dense_expected-parity_lr0.1,0.4487590432644507,6.178345681349875,0.3962716804618755,0.11610760237532952,66,0.35471087507903576,a19ed3237af8ed8a611c0195723dd9550ad5bd836def77d8ec70eae8cb778e48,f1cc26d866fda61738a4651a84d210ce569b8bf28107da5522f2a5898c73e2a7
dense,expected-parity,0.1,1059,dense_expected-parity_lr0.1,0.3401016248196742,6.014388361667333,0.43068642062977064,0.12920592618893117,66,0.39789204206317663,a223ca0db7abcdc944083fe0181f7755f0b2fd41ebc7f256812eb063b6c8e730,10d2a3f4d7cff56cdad44341109569d6057297d315bce3eb9badf32bd49d2295
dense,expected-parity,0.1,1060,dense_expected-parity_lr0.1,0.3598255047324718,5.936067855592204,0.43928134530108426,0.13046655955442202,66,0.4534948338987306,757befef9e6dd07a9a4419468214926f82cb27d2040d1edaa8559268a17f1346,d83644cb6ea4dc88946389af3c29f15ef106cb67d3d9b480be8f51493da8dc5c
dense,mse,0.05,1001,dense_mse_lr0.05,0.5084691259318984,6.270713329300703,0.3535866893749508,0.10536883343373533,66,0.2673359999898821,d8b67b39bec55f9bccd9bebd4b1d3debec2a84bf9064b70ee7061c6544f28cca,3b8e66d698318c02158cbe340559690196d7b027a4090ec100ea5e66f3e870d6
dense,mse,0.05,1002,dense_mse_lr0.05,0.5012662476268726,6.1279944678274445,0.35418238693185566,0.10200452743637443,66,0.26958429103251547,9a04e962016a57ba588eb7a4bd1780e53595ee328f42750835f7a99485fbbc35,f66b95ad3d1778b6284bb136150f8352f95000fbb1599b55410b8ddbe44ced8b
dense,mse,0.05,1003,dense_mse_lr0.05,1.9174728623425308,7.599981451262745,0.13454393889215693,0.04009409378986277,66,0.26215229206718504,5c2744c6fa14188668429fb63d06ff4470ed82c656c3a1e313906d2d1ea5a600,e79a055dbe36cbef734b7f192b9c14a371725331e6dfa6e69079860324999a9f
dense,mse,0.05,1004,dense_mse_lr0.05,0.42779995024344347,6.099391099152559,0.39369500487938747,0.11732111145405748,66,0.26544320792891085,c91ca6bc2aa39f72a1586af6b66c1c16a5de9bdaf642082b4c0d322d6a8af6df,8f247fd263b2a19e95cf04475b859db61d238b0211c1947bb6b9f8d494ca19dc
dense,mse,0.05,1005,dense_mse_lr0.05,0.4987400020958321,6.100414927185235,0.39612272986353597,0.11923294168892433,66,0.27206929097883403,83bbb4e017db8a4cb9d3dd04d7b135583fb72be308d8e8d8697ade0f08b15675,293590bfa6afb57d8c237be7e9bd56a446dab86cc473e052c3ca6fcf00d4726a
dense,mse,0.05,1006,dense_mse_lr0.05,0.5208410289738578,6.114085093465613,0.3489206935521373,0.10432728737208904,66,0.27489137498196214,97bfb6b6872a3646017b1dad453aca4a0629c2c7a61d8d55410d50f3e2801965,579609350f7543f6786cf1a32e4d72c5181c19930fad827607e7f0b20c46e455
dense,mse,0.05,1007,dense_mse_lr0.05,1.4859258851335815,7.200129692760722,0.2856387263471292,0.08340650809336174,66,0.2788059579906985,0cd593f511077d4f853aa0452c5bd1d82d66f28a530eab73e030463170e12033,b6ba86163b0fa47ab4c74722d54620924fc44b361fec83ab88b0b220fc60722d
dense,mse,0.05,1008,dense_mse_lr0.05,0.3812604626490715,5.929942124192236,0.4044371170223325,0.11647788970243175,66,0.28027029102668166,a1bbf2e60c67adbdeb1e984a1a247022667ddcb302547c9801ecb347472bcd53,9522a5ba6ef49152f1c598b2c409dfdb86644b8d3ac9c7ef1a15d2bcfa75b056
dense,mse,0.05,1009,dense_mse_lr0.05,0.5313036848830424,6.225478936128351,0.365375540811478,0.10815116008019748,66,0.2739600419299677,9667d1e760ab11a566136a8a0f1086c445b8d14236780e7bb96089f6ee01546d,eed8ff575035cba9693ef126c4f4922d1566abf7304763db16e53b575ea6cff1
dense,mse,0.05,1010,dense_mse_lr0.05,0.5458891923942645,6.145508570703021,0.3944707653726362,0.1100573435389655,66,0.2659189999103546,24fba8bd3ef62ee408b72ae77d4f4f17207403e680d8e04300593273aa3d09ee,9aaccb6421116e053d935a75fe328f080f80cd581c04ee5fd048a74161b13d23
dense,mse,0.05,1011,dense_mse_lr0.05,0.4570729754098524,6.1413093698236665,0.3639049598755768,0.10807977308304632,66,0.2656110000098124,6fd16a9a5b505ef800214c051c6a2ab64777ed3d8f6331b9069b67577e55e6b9,043666f48ef6ffb235855cab2da4b0d338a46bd7f820c98b7c673777ce49f000
dense,mse,0.05,1012,dense_mse_lr0.05,0.38980433301810846,6.086494793821975,0.3853081836584823,0.11366591417925227,66,0.26917275006417185,3c952c5a059a0250e18c66ecf40eabef7203ddcd9c25bb05f02ed3adbaf1c160,e0acc84f007f2acd96763baf86ab6c836b60569e6713809f26fe1fe1a7c6c0f9
dense,mse,0.05,1013,dense_mse_lr0.05,1.5236001916834343,7.116296475966817,0.28818005559326526,0.08645401667797958,66,0.26595437503419816,4858eefcee967680a745c752b8eb8dd6324b0d52e83d792003e1964fc3594855,2f3db54d9f830c893044c9de49ced7579cb19b1a4887e7cf9109947ed5d89c77
dense,mse,0.05,1014,dense_mse_lr0.05,0.45132997463067903,6.18547889860458,0.3940034412424609,0.11229098075410135,66,0.2629111249698326,364d404eb6cc8fa40e500b7786284b188c7306990e306334ce156a9fbad83d11,1e18388818558bb6705d68ae9cc3cde33d88f12bd9b41751ba925927c2923345
dense,mse,0.05,1015,dense_mse_lr0.05,0.4359821161554446,6.022178374216579,0.3940106431845163,0.11859720359853941,66,0.2626325839664787,0d8e98cd6bcaf55451d8f4e8934fee61678f258b1e3d3bd2629a483cfe044d79,b390d4e88b6bf9572ea7634b9b734ca4a62a6ca0bce19a1f016254ed8d729c6f
dense,mse,0.05,1016,dense_mse_lr0.05,0.5860539564950316,6.172805271943792,0.3556934168482247,0.10777510530501208,66,0.26878379203844815,af765f468c33ca4f7346e5f3229c51841636a5fc19eb587531ecade8afb98cd9,4bf17a206564bd5f1d0957c6011a7b8611b38699d47b57d0e7aaff1f0b08159a
dense,mse,0.05,1017,dense_mse_lr0.05,0.5504952503777796,6.122859743446584,0.38187329151971794,0.11647135391351399,66,0.2691822500200942,db9e3419e23ea7a590ed4a22fa5155aaaaefcf3788e0b9245348341b9ae5a490,7c185bc1d46a96c41519380d0c76bccc2172a3704885c43920c8599e4f952f3a
dense,mse,0.05,1018,dense_mse_lr0.05,0.5893959746468049,6.198923225490828,0.4217584161666099,0.11977939019131723,66,0.27231824991758913,a44060f1dfcf271003cc60d3fd9da15236186651cdc390235f2626d135b0bd76,a65b4fa01d22d0d612ea7e63c4126a73badacc1eb27e633893dc837178a352cc
dense,mse,0.05,1019,dense_mse_lr0.05,2.3566048902012273,7.9710109558533775,0.12596949741670527,0.03854666620951181,66,0.27009762497618794,cb5e3c7630e3360d79aab33dca43de4402e3081b5021e7818deb64cf625d2052,92d510a157400f45e27ad94ac709834f1c01378595e9b393cd56763e9d0e27d2
dense,mse,0.05,1020,dense_mse_lr0.05,0.3909110636988848,6.041021245908531,0.4056718777937694,0.11967320394916198,66,0.2632534590084106,70c533186935953d44888f9a9dd543b628ef786748305418bd42b11438995361,a7807b5ef624edfd833e742609cbad5199892d65091cd805866b36cc3f1eca37
dense,mse,0.05,1021,dense_mse_lr0.05,0.36722680300907784,6.0745828191081825,0.4113769188035582,0.11724242185901408,66,0.2635752079077065,c30646e152524ef56b29fa5c1edcf7d26f48a8e38209818df296fad57c94b376,96d3ac245dc59d8dff82100047185e8fa570152e7efeed3abfcca48c734a1b33
dense,mse,0.05,1022,dense_mse_lr0.05,0.46143333630895356,6.112194646798862,0.4156831548064831,0.12262653066791251,66,0.26741979201324284,7872e327670b2cd29e6696454ff73757f74e45c65c01142055e66c9b71ec4207,240211e65fd5f4ce1b449820283294310a8e4b5231f62a2a14a5d132f10efd9e
dense,mse,0.05,1023,dense_mse_lr0.05,1.5014428902465853,7.181472921063729,0.20435824984527015,0.0602856837043547,66,0.26451204204931855,0c9c2eed7ced0c9f3d32756ce2fa4803cbecf1f1e910032a98b4e22e08d4185d,a818cf20dbfd93e8c6f4342bf2d6b9d64c282c9e290444a51487482924fe011e
dense,mse,0.05,1024,dense_mse_lr0.05,0.4311218285783972,6.0781825285369955,0.38827581523884486,0.1168710203868923,66,0.2645617499947548,2dcaa4a06d6a123a29a6c46f6054a2a76697bf86624485b289436d43caa5acec,5b9fd8d92fe0d2e872c086a297dd3905e64a928420807883ab9e23f75683a84a
dense,mse,0.05,1025,dense_mse_lr0.05,1.4559265162096469,7.135786940316264,0.1963591306345084,0.05930045745162154,66,0.266490374924615,6b9649fb1d0dcf6eb58962b41326f25cc15f4764495639c6cb94ae961ee6cb5c,6a863ed24ea9b299cec437fd3df6c70bff9d6aa0f15fd4bfd7672f1d6ec6d331
dense,mse,0.05,1026,dense_mse_lr0.05,0.42187181225850223,6.063760290330954,0.38973311352628665,0.1134123360361494,66,0.26956912502646446,5332d2871ed2fac0949dd6bc154e6d8ac62323c854b30f1329f1e011b4f1d8e6,6f308648c4c406bd89510406cdfd139d8adef6c8ed92a807275f0c48c16f93c7
dense,mse,0.05,1027,dense_mse_lr0.05,2.65278175575035,8.34564399902823,0.17738381618689286,0.05303776103988096,66,0.2697985419072211,ef18067c940476be8b64d6f8b33db4af03c12a08b4285aa2cb44b20112d848d3,f6ab5873d9831be1917ce9fd78e93d2402c1497c2f9d46c4fdac4cb2e43ce350
dense,mse,0.05,1028,dense_mse_lr0.05,0.4104270813265164,5.960083211211485,0.40330131796047497,0.11695738220853774,66,0.26590316696092486,ea8048e5ab7ca0e4ea3a06f42a6ba49cabe017ae5c5bfd18fe2840fb87b7680b,99e3665a2b99892dfdf7af4379d12fc834deac57924cf6cc66d6a593da4e0af6
dense,mse,0.05,1029,dense_mse_lr0.05,1.3095190856000205,6.941285812485455,0.26974988072861117,0.08011571457639752,66,0.265927542001009,5d2a92e7b41903c486f3e70fc6f7444cf43eac028db595193d8f512b008c572f,740d1c43375db69a9a84a4b67e4bc757a5c591f12d427013ea503b57a19b6a62
dense,mse,0.05,1030,dense_mse_lr0.05,0.3844490471835236,6.0637705728819675,0.394676318563506,0.11998160084330581,66,0.266875832923688,a2a5bfdb02c1d45d1699917cbb0ed76a474225aca8111cae39f9e6381292aaa6,3e058bc3464bf9a52b4fa9dacec751ac34d6f7f290ad2de38b2a62b2ac11cd1e
dense,mse,0.05,1031,dense_mse_lr0.05,0.5325835236065357,6.149461189858638,0.3553661857520201,0.10341156005383786,66,0.27061666699592024,3c51e32359df2bf54da0ae7ff1a933e2c13b245e018bc2fbcb3d0e270e8c4ec8,a589e80fae5b7e6199bd6b4d2a3a1ca4f7e3a28d33c559a64a1eb520d756da66
dense,mse,0.05,1032,dense_mse_lr0.05,0.5212941594564657,6.244324809116323,0.3765625199228557,0.11183906841708816,66,0.26867812499403954,35ca9094eb50ae6b67469a0f389ca752dfe6e3d6e4cfbe7f1ba666236771ef5e,160efb7f363a5ae9449684506da6ed9770f6bac9db84449ac6276319dc3e9f41
dense,mse,0.05,1033,dense_mse_lr0.05,0.4397823191757777,6.152420475868034,0.3924820728131782,0.11774462184395347,66,0.2660882920026779,eb781c65f8f2f4f7ad912b767c1c3859a32f5c9829af36471dc7ddc06ba2128e,f14039913244c485893e2ca2f45e74de91e3783b2515d5d7d700c6d8fffa944e
dense,mse,0.05,1034,dense_mse_lr0.05,0.37207993367200565,6.0418421452088715,0.42543497949967557,0.12720505887040298,66,0.2745298749068752,44fe9d3bfafa880ef02fdb7f827075fe4108008052035fcfbdb6a6bf6b7d1191,d762b3604d9144efaf8941e0ba3ef8a800e5e0a9571ccb519fa830860fbb88ee
dense,mse,0.05,1035,dense_mse_lr0.05,0.5413685325603061,6.194871380586089,0.4001643718716607,0.11564750347090993,66,0.296140042017214,8b2f889f1134f60faeea65d429c835d1ff84f83ae7b2b7b169f17c0143374ee7,8773e0724f4b5943ecffd6dcc92efb8217fcacf6b62ca446f81800c23cfc92b3
dense,mse,0.05,1036,dense_mse_lr0.05,0.49631021248452956,6.203157517884463,0.41629880673560704,0.12322444679373969,66,0.29324758297298104,77a0f9043d3e75493ba304dc79e70c601687f7ce3aa9b8ce3f5f24132e01540b,35f8d743f09a736d0c9222bd882353e7f451d12287b3f60cb72e7d69fdedeacd
dense,mse,0.05,1037,dense_mse_lr0.05,0.4878919653308447,6.124548564788543,0.37688387300411125,0.10967320704419638,66,0.2985844590002671,05a2a91ec2f0f0db0ac4204f860c1749356e21df257c586d3db5ad5bfe5b7bf5,3a06201a21db31e24e634e4b2134bdb457b02d222c7e3c0d88cbadb8e5e61793
dense,mse,0.05,1038,dense_mse_lr0.05,0.5587702632449646,6.239822743025472,0.3626356582023097,0.10842806180249061,66,0.2836023330455646,a4553a2c764f6914be5fc9f2f755d6d0da754409dfd6d47579e72d7bf3ac64d1,6511b680c2fdfab10dc48d71a7119cd40f4fd60d63c90409fb3a925cea156cb8
dense,mse,0.05,1039,dense_mse_lr0.05,0.46910323542066096,6.092721992468263,0.39481226745416353,0.12081255384097404,66,0.28044429095461965,c69409e26a640ac42e446f6e11a36e920777dd59e5daec5a1b3d3ebb2561cd8d,13e48a85422ee965f6e67cfa1126d4b8091b48af1e2affd9d16418a8c8e714c4
dense,mse,0.05,1040,dense_mse_lr0.05,0.5314987222004717,6.219545125777241,0.37906773385946635,0.11068777828696418,66,0.2733106251107529,e23fcbf100776d4b6fa70311897dee26f2698907face6ee51700226641f10ab6,67d1a8857feaf8224de749d6ad79d6d8fce8ab282154b9020f32cf36fdf4d110
dense,mse,0.05,1041,dense_mse_lr0.05,0.5625641183686371,6.144731847131849,0.36146213742059435,0.10880010336359891,66,0.28436041600070894,7a44f9ec7fdf9255b94ab8c9ddf83a54b4e9b735d0bc2a666fbbea5fe3bfdfd8,8591168878e47a7eec729e61e90fcf63189b4f2fed7113b7844f63b4565d99c7
dense,mse,0.05,1042,dense_mse_lr0.05,0.47886822169976173,6.076631563116631,0.3666456544547433,0.10962705068196824,66,0.2813917079474777,c11834046b17ad15197a6803f14120ea732ba339ced76353925e56590922cbb7,781fb7bb2be704822d9e20674173436fc381138d0958f120cc6b826f586b36ca
dense,mse,0.05,1043,dense_mse_lr0.05,1.3554263760591279,6.971938924795533,0.2757677117722144,0.08107570726103103,66,0.2949431659653783,025a58361caed61942f1056bbf840c2619dd7a08f53f4e9767b8acbfe1cd6f51,7f4d12c0425bbd686ed47fcd1b81ce5b76f122af920c32ff2986ddabb7bb4edc
dense,mse,0.05,1044,dense_mse_lr0.05,0.4464366228422959,6.154154941071714,0.3750495668431982,0.11288991961980266,66,0.29697979195043445,d55f82aee647cfb54d3763879738544f054cb331fc2a8e8a2f7b58e7ab20bf9a,cbdd93869644228bc3d5e252b11c3d0ec80436b321556510b5f51c620dc4e7b2
dense,mse,0.05,1045,dense_mse_lr0.05,0.48395767897674324,6.207955960261516,0.37929934934986287,0.11416910415430873,66,0.31007399992085993,8c21e594fa33731c1299b46b7a53fcea35c51eeae962d08be860704e9651b3f3,2d3367fb9342df89bb3f887660cd0493eacc12541cc2de30bc4b3093e03d361f
dense,mse,0.05,1046,dense_mse_lr0.05,2.2537608897338464,7.83904900433529,0.1954959210026527,0.05728030485377724,66,0.3320977500407025,50c5ab394fecd0a67effee49e2dc467e1b5726d573d0d4b0b0fca3d464b657c1,7665efa4923a92758071cf2d0bcc103634c9e20028efd953f4bcfe4f6a42f7a3
dense,mse,0.05,1047,dense_mse_lr0.05,0.49051264814295303,6.053435373389275,0.35683411930364284,0.10954807462621835,66,0.30872716603334993,32a02f3816713ff5c3bb316fa8e90c34868caf9816b120082f87525e08f8eea3,d1d76de118d2b7c879b9d5bde9b3043bcb61b5dd873ed3c1af450fa5d81e8a11
dense,mse,0.05,1048,dense_mse_lr0.05,0.433225557744387,6.097419122160562,0.38645279714091063,0.11400357515656864,66,0.34252150007523596,52d5584ff8f88bb0039e31171304ebf533a30398f1a01f99a893785474866a66,bb5721bfcd8a241b2bf30d5d301477033782df3d126d05cb0193cfc64f82e324
dense,mse,0.05,1049,dense_mse_lr0.05,0.5135868120600624,6.174773152645918,0.37533435518039765,0.10922229735749572,66,0.30129029194358736,c07d5b9d7d3d83865356bf70ff3d6acbd4230c5027830c2b3a7fde11d954c80a,47b1773176fde51586eec99e69a98b943ff00b011ae0002d4dcebdfef7377726
dense,mse,0.05,1050,dense_mse_lr0.05,0.3526918861692641,6.021172248167421,0.42057435321492387,0.12364885984518761,66,0.29548112500924617,6960888a53c602d2814092b439bff21b1d7314a8580ce5946536c2786cf8f540,4d78eb95726620f9679b2fa16d5934a6edd31619041bbae823de358424211ac8
dense,mse,0.05,1051,dense_mse_lr0.05,0.4407416186191094,6.083993797164994,0.3618028455010691,0.10854085365032072,66,0.30600045807659626,2a3326a2a9e683545bef56d0e4c1ce563b1f5b70fab90536a2bf92220c7cc8e1,d2cf98e124e3c7dfffb599d6b1e385a8285f4d4cfca329d6c8c91594e27f0171
dense,mse,0.05,1052,dense_mse_lr0.05,0.36345566493707077,6.015400410111383,0.4005217004722591,0.11935546674073322,66,0.2902556660119444,fa35e7a6cdcc11741645f5996a28cd06b9371a4a1c2f1ad7fb7424d7f577218a,fba037cbd11c2ac0d30ea29e82934c02345ab8fc9cc00ad9d131c883ad1d3494
dense,mse,0.05,1053,dense_mse_lr0.05,0.5489639235875776,6.270877983541848,0.3473783188524026,0.10247660406145877,66,0.2835952079622075,79df9439b4d95f2986ed97aacb7e86ce7b1ee016b96291cd179e2ccd42386eeb,86deb82f68532933dcabdd8a5c0603e825dee32ff1394f9fd14aad8b3839c401
dense,mse,0.05,1054,dense_mse_lr0.05,0.5576518507263732,6.1418981970274755,0.3462712733582682,0.10353511073412218,66,0.27340079098939896,13f9bcfa4db2cc2a2c05d061a5c97c8e997d2ce08dab5b8edfa06263a266067c,5a859bc70a687c7ea4ef617585c6b56ccf2c6ad2b410559ae17bc88fb6cee54e
dense,mse,0.05,1055,dense_mse_lr0.05,0.4814028588411623,6.126078639897965,0.37808563769141634,0.11304760566973349,66,0.2755457089515403,5519425b7a8f96ff467fc3e1fcf74125c2cfbeb26b21958859f79b18b443f4d2,f88a3e8df5fa57b410757fe97ecf3aa17ef1b588ddedd0383565ea13f0736204
dense,mse,0.05,1056,dense_mse_lr0.05,0.3986133746490735,6.048958313087538,0.4059741736626611,0.11935640705682236,66,0.27252012491226196,f9b707135fa479de697a425d73602cdd3bd74514ebd653b2c0e2ab850edcaa30,b2929b4505fd3f9fdf1db3e23c05a597e0173c6f182a47fc7c3a363be3f54473
dense,mse,0.05,1057,dense_mse_lr0.05,1.229890041073595,6.753872074323432,0.2825559796796921,0.08448423792422793,66,0.2715750830247998,d28b67feaf4f1656bc1cad5f07ad22e2eda476951f0fd60ae372b962e0a75e1e,44f9c60c731b2ce0b551462029ed05a8806442e685f056418b8332a2592750eb
dense,mse,0.05,1058,dense_mse_lr0.05,0.6053823581703921,6.2938788935552905,0.38319285270699377,0.11227550584314917,66,0.27109791606198996,a19ed3237af8ed8a611c0195723dd9550ad5bd836def77d8ec70eae8cb778e48,f1cc26d866fda61738a4651a84d210ce569b8bf28107da5522f2a5898c73e2a7
dense,mse,0.05,1059,dense_mse_lr0.05,0.5400612585229494,6.203100685665832,0.3533955841241398,0.10601867523724194,66,0.2920852079987526,a223ca0db7abcdc944083fe0181f7755f0b2fd41ebc7f256812eb063b6c8e730,10d2a3f4d7cff56cdad44341109569d6057297d315bce3eb9badf32bd49d2295
dense,mse,0.05,1060,dense_mse_lr0.05,0.40446491085909725,5.976288110905986,0.374598680210503,0.11125580802251939,66,0.28496383409947157,757befef9e6dd07a9a4419468214926f82cb27d2040d1edaa8559268a17f1346,d83644cb6ea4dc88946389af3c29f15ef106cb67d3d9b480be8f51493da8dc5c
dense,parity,0.05,1001,dense_parity_lr0.05,0.4062596927307773,6.160942293527492,0.3861062895266898,0.11505967427895357,66,0.4556065830402076,d8b67b39bec55f9bccd9bebd4b1d3debec2a84bf9064b70ee7061c6544f28cca,3b8e66d698318c02158cbe340559690196d7b027a4090ec100ea5e66f3e870d6
dense,parity,0.05,1002,dense_parity_lr0.05,0.48226466899845144,6.10547733931132,0.4009114243640912,0.11546249021685827,66,0.4584228750318289,9a04e962016a57ba588eb7a4bd1780e53595ee328f42750835f7a99485fbbc35,f66b95ad3d1778b6284bb136150f8352f95000fbb1599b55410b8ddbe44ced8b
dense,parity,0.05,1003,dense_parity_lr0.05,0.28836731994903686,6.014182852365848,0.4557221249069639,0.13580519322227524,66,0.46245354204438627,5c2744c6fa14188668429fb63d06ff4470ed82c656c3a1e313906d2d1ea5a600,e79a055dbe36cbef734b7f192b9c14a371725331e6dfa6e69079860324999a9f
dense,parity,0.05,1004,dense_parity_lr0.05,0.4061649022137812,6.109643900428512,0.46702697258818326,0.1391740378312786,66,0.4787886670092121,c91ca6bc2aa39f72a1586af6b66c1c16a5de9bdaf642082b4c0d322d6a8af6df,8f247fd263b2a19e95cf04475b859db61d238b0211c1947bb6b9f8d494ca19dc
dense,parity,0.05,1005,dense_parity_lr0.05,0.42399118898294863,6.038262940338606,0.4513634683126353,0.13586040396210322,66,0.43103354098275304,83bbb4e017db8a4cb9d3dd04d7b135583fb72be308d8e8d8697ade0f08b15675,293590bfa6afb57d8c237be7e9bd56a446dab86cc473e052c3ca6fcf00d4726a
dense,parity,0.05,1006,dense_parity_lr0.05,0.37322636862007896,5.977937576033752,0.40036603303236323,0.1197094438766766,66,0.4329612919827923,97bfb6b6872a3646017b1dad453aca4a0629c2c7a61d8d55410d50f3e2801965,579609350f7543f6786cf1a32e4d72c5181c19930fad827607e7f0b20c46e455
dense,parity,0.05,1007,dense_parity_lr0.05,0.35305318101421596,6.064122899269912,0.4231239200288767,0.123552184648432,66,0.4776032909285277,0cd593f511077d4f853aa0452c5bd1d82d66f28a530eab73e030463170e12033,b6ba86163b0fa47ab4c74722d54620924fc44b361fec83ab88b0b220fc60722d
dense,parity,0.05,1008,dense_parity_lr0.05,0.38305207640255423,5.943713525236823,0.4514430330412568,0.13001559351588196,66,0.4856996670132503,a1bbf2e60c67adbdeb1e984a1a247022667ddcb302547c9801ecb347472bcd53,9522a5ba6ef49152f1c598b2c409dfdb86644b8d3ac9c7ef1a15d2bcfa75b056
dense,parity,0.05,1009,dense_parity_lr0.05,0.37253180511328354,6.051929009656215,0.43136766347598715,0.1276848283888922,66,0.5274618749972433,9667d1e760ab11a566136a8a0f1086c445b8d14236780e7bb96089f6ee01546d,eed8ff575035cba9693ef126c4f4922d1566abf7304763db16e53b575ea6cff1
dense,parity,0.05,1010,dense_parity_lr0.05,0.44854463189423355,6.086021286499985,0.4375735075230126,0.12208300859892052,66,0.5492646669736132,24fba8bd3ef62ee408b72ae77d4f4f17207403e680d8e04300593273aa3d09ee,9aaccb6421116e053d935a75fe328f080f80cd581c04ee5fd048a74161b13d23
dense,parity,0.05,1011,dense_parity_lr0.05,0.3914126677489894,6.087383883161014,0.4494433708940738,0.13348468115553994,66,0.4978520419681445,6fd16a9a5b505ef800214c051c6a2ab64777ed3d8f6331b9069b67577e55e6b9,043666f48ef6ffb235855cab2da4b0d338a46bd7f820c98b7c673777ce49f000
dense,parity,0.05,1012,dense_parity_lr0.05,0.31407869354204565,6.015941650643241,0.4448176821717499,0.1312212162406662,66,0.47250812500715256,3c952c5a059a0250e18c66ecf40eabef7203ddcd9c25bb05f02ed3adbaf1c160,e0acc84f007f2acd96763baf86ab6c836b60569e6713809f26fe1fe1a7c6c0f9
dense,parity,0.05,1013,dense_parity_lr0.05,0.44316438625876686,6.041714439451031,0.40952943608990316,0.12285883082697094,66,0.44504074996802956,4858eefcee967680a745c752b8eb8dd6324b0d52e83d792003e1964fc3594855,2f3db54d9f830c893044c9de49ced7579cb19b1a4887e7cf9109947ed5d89c77
dense,parity,0.05,1014,dense_parity_lr0.05,0.4021516677282032,6.133461425872434,0.46287372693213163,0.13191901217565752,66,0.4339258329709992,364d404eb6cc8fa40e500b7786284b188c7306990e306334ce156a9fbad83d11,1e18388818558bb6705d68ae9cc3cde33d88f12bd9b41751ba925927c2923345
dense,parity,0.05,1015,dense_parity_lr0.05,0.34340506553125427,5.960803786388151,0.46291295546270317,0.13933679959427367,66,0.4522285829298198,0d8e98cd6bcaf55451d8f4e8934fee61678f258b1e3d3bd2629a483cfe044d79,b390d4e88b6bf9572ea7634b9b734ca4a62a6ca0bce19a1f016254ed8d729c6f
dense,parity,0.05,1016,dense_parity_lr0.05,0.3917166291843648,5.971246445023808,0.3964662664557328,0.12012927873608704,66,0.45282804197631776,af765f468c33ca4f7346e5f3229c51841636a5fc19eb587531ecade8afb98cd9,4bf17a206564bd5f1d0957c6011a7b8611b38699d47b57d0e7aaff1f0b08159a
dense,parity,0.05,1017,dense_parity_lr0.05,0.4941892190029088,6.055683125148135,0.39878859591137045,0.12163052175296798,66,0.41284891695249826,db9e3419e23ea7a590ed4a22fa5155aaaaefcf3788e0b9245348341b9ae5a490,7c185bc1d46a96c41519380d0c76bccc2172a3704885c43920c8599e4f952f3a
dense,parity,0.05,1018,dense_parity_lr0.05,0.42575669208571176,5.994924299095383,0.4748615267941352,0.13486067360953438,66,0.43060625006910414,a44060f1dfcf271003cc60d3fd9da15236186651cdc390235f2626d135b0bd76,a65b4fa01d22d0d612ea7e63c4126a73badacc1eb27e633893dc837178a352cc
dense,parity,0.05,1019,dense_parity_lr0.05,0.44172046430001993,6.0772317128645525,0.41398015954271783,0.12667792882007164,66,0.41086887498386204,cb5e3c7630e3360d79aab33dca43de4402e3081b5021e7818deb64cf625d2052,92d510a157400f45e27ad94ac709834f1c01378595e9b393cd56763e9d0e27d2
dense,parity,0.05,1020,dense_parity_lr0.05,0.42828144460672957,6.091255022014173,0.4620230440504016,0.1362967979948685,66,0.4030939999502152,70c533186935953d44888f9a9dd543b628ef786748305418bd42b11438995361,a7807b5ef624edfd833e742609cbad5199892d65091cd805866b36cc3f1eca37
dense,parity,0.05,1021,dense_parity_lr0.05,0.33750897260842694,6.009104510541917,0.4314876683858158,0.1229739854899575,66,0.38658162497449666,c30646e152524ef56b29fa5c1edcf7d26f48a8e38209818df296fad57c94b376,96d3ac245dc59d8dff82100047185e8fa570152e7efeed3abfcca48c734a1b33
dense,parity,0.05,1022,dense_parity_lr0.05,0.42163185109029644,6.088622839953705,0.41975570383855276,0.12382793263237306,66,0.37823854095768183,7872e327670b2cd29e6696454ff73757f74e45c65c01142055e66c9b71ec4207,240211e65fd5f4ce1b449820283294310a8e4b5231f62a2a14a5d132f10efd9e
dense,parity,0.05,1023,dense_parity_lr0.05,0.4450842014505577,6.073095259058807,0.4261829269985765,0.12572396346458006,66,0.3643204999389127,0c9c2eed7ced0c9f3d32756ce2fa4803cbecf1f1e910032a98b4e22e08d4185d,a818cf20dbfd93e8c6f4342bf2d6b9d64c282c9e290444a51487482924fe011e
dense,parity,0.05,1024,dense_parity_lr0.05,0.3813605274727142,6.032258836419876,0.4211704792027435,0.12677231424002577,66,0.37632675003260374,2dcaa4a06d6a123a29a6c46f6054a2a76697bf86624485b289436d43caa5acec,5b9fd8d92fe0d2e872c086a297dd3905e64a928420807883ab9e23f75683a84a
dense,parity,0.05,1025,dense_parity_lr0.05,0.38742647097770366,6.079881180864683,0.43032805362187637,0.12995907219380667,66,0.3614076670492068,6b9649fb1d0dcf6eb58962b41326f25cc15f4764495639c6cb94ae961ee6cb5c,6a863ed24ea9b299cec437fd3df6c70bff9d6aa0f15fd4bfd7672f1d6ec6d331
dense,parity,0.05,1026,dense_parity_lr0.05,0.3216025568855609,5.922564723261296,0.4557966828571466,0.13263683471142965,66,0.37781950004864484,5332d2871ed2fac0949dd6bc154e6d8ac62323c854b30f1329f1e011b4f1d8e6,6f308648c4c406bd89510406cdfd139d8adef6c8ed92a807275f0c48c16f93c7
dense,parity,0.05,1027,dense_parity_lr0.05,0.3001225765215233,5.982030026806719,0.4307045725964203,0.12878066720632966,66,0.3698729999596253,ef18067c940476be8b64d6f8b33db4af03c12a08b4285aa2cb44b20112d848d3,f6ab5873d9831be1917ce9fd78e93d2402c1497c2f9d46c4fdac4cb2e43ce350
dense,parity,0.05,1028,dense_parity_lr0.05,0.4872719165663549,6.010686394602373,0.42647463238432504,0.12367764339145426,66,0.38379737501963973,ea8048e5ab7ca0e4ea3a06f42a6ba49cabe017ae5c5bfd18fe2840fb87b7680b,99e3665a2b99892dfdf7af4379d12fc834deac57924cf6cc66d6a593da4e0af6
dense,parity,0.05,1029,dense_parity_lr0.05,0.38455557280022606,5.999239254583536,0.4276742120282994,0.12701924097240494,66,0.3675679590087384,5d2a92e7b41903c486f3e70fc6f7444cf43eac028db595193d8f512b008c572f,740d1c43375db69a9a84a4b67e4bc757a5c591f12d427013ea503b57a19b6a62
dense,parity,0.05,1030,dense_parity_lr0.05,0.41390174687079095,6.1433692605275905,0.43103694004744236,0.13103522977442247,66,0.3638624169398099,a2a5bfdb02c1d45d1699917cbb0ed76a474225aca8111cae39f9e6381292aaa6,3e058bc3464bf9a52b4fa9dacec751ac34d6f7f290ad2de38b2a62b2ac11cd1e
dense,parity,0.05,1031,dense_parity_lr0.05,0.3349993606151844,5.906453373257419,0.4249036331704777,0.12364695725260902,66,0.36052154190838337,3c51e32359df2bf54da0ae7ff1a933e2c13b245e018bc2fbcb3d0e270e8c4ec8,a589e80fae5b7e6199bd6b4d2a3a1ca4f7e3a28d33c559a64a1eb520d756da66
dense,parity,0.05,1032,dense_parity_lr0.05,0.374772730939881,6.062621993310955,0.43709202113937007,0.1298163302783929,66,0.3733289580559358,35ca9094eb50ae6b67469a0f389ca752dfe6e3d6e4cfbe7f1ba666236771ef5e,160efb7f363a5ae9449684506da6ed9770f6bac9db84449ac6276319dc3e9f41
dense,parity,0.05,1033,dense_parity_lr0.05,0.4175681288425909,6.066787554886954,0.4425877121190276,0.13277631363570827,66,0.3797240828862414,eb781c65f8f2f4f7ad912b767c1c3859a32f5c9829af36471dc7ddc06ba2128e,f14039913244c485893e2ca2f45e74de91e3783b2515d5d7d700c6d8fffa944e
dense,parity,0.05,1034,dense_parity_lr0.05,0.47615429241968815,6.15134901613418,0.42005405133073326,0.12559616134788926,66,0.3703652919502929,44fe9d3bfafa880ef02fdb7f827075fe4108008052035fcfbdb6a6bf6b7d1191,d762b3604d9144efaf8941e0ba3ef8a800e5e0a9571ccb519fa830860fbb88ee
dense,parity,0.05,1035,dense_parity_lr0.05,0.41737064021657044,6.050331929429721,0.435380145117476,0.12582486193895057,66,0.3757984999101609,8b2f889f1134f60faeea65d429c835d1ff84f83ae7b2b7b169f17c0143374ee7,8773e0724f4b5943ecffd6dcc92efb8217fcacf6b62ca446f81800c23cfc92b3
dense,parity,0.05,1036,dense_parity_lr0.05,0.4660662277675953,6.14689848578603,0.4386880924085948,0.12985167535294406,66,0.3681908749276772,77a0f9043d3e75493ba304dc79e70c601687f7ce3aa9b8ce3f5f24132e01540b,35f8d743f09a736d0c9222bd882353e7f451d12287b3f60cb72e7d69fdedeacd
dense,parity,0.05,1037,dense_parity_lr0.05,0.4090757315163571,6.016080632565004,0.4589220546985472,0.13354631791727722,66,0.3643153749871999,05a2a91ec2f0f0db0ac4204f860c1749356e21df257c586d3db5ad5bfe5b7bf5,3a06201a21db31e24e634e4b2134bdb457b02d222c7e3c0d88cbadb8e5e61793
dense,parity,0.05,1038,dense_parity_lr0.05,0.400207528638181,6.091982369125124,0.42661780403905325,0.12755872340767693,66,0.3636414170032367,a4553a2c764f6914be5fc9f2f755d6d0da754409dfd6d47579e72d7bf3ac64d1,6511b680c2fdfab10dc48d71a7119cd40f4fd60d63c90409fb3a925cea156cb8
dense,parity,0.05,1039,dense_parity_lr0.05,0.5067927526826519,6.102042839603906,0.4208512974697384,0.12878049702573996,66,0.3677328749326989,c69409e26a640ac42e446f6e11a36e920777dd59e5daec5a1b3d3ebb2561cd8d,13e48a85422ee965f6e67cfa1126d4b8091b48af1e2affd9d16418a8c8e714c4
dense,parity,0.05,1040,dense_parity_lr0.05,0.4701145345097087,6.188197478228054,0.44031600211418126,0.12857227261734092,66,0.36995066702365875,e23fcbf100776d4b6fa70311897dee26f2698907face6ee51700226641f10ab6,67d1a8857feaf8224de749d6ad79d6d8fce8ab282154b9020f32cf36fdf4d110
dense,parity,0.05,1041,dense_parity_lr0.05,0.3930270414425946,5.946922154031444,0.42435717117233057,0.12773150852287152,66,0.37763920798897743,7a44f9ec7fdf9255b94ab8c9ddf83a54b4e9b735d0bc2a666fbbea5fe3bfdfd8,8591168878e47a7eec729e61e90fcf63189b4f2fed7113b7844f63b4565d99c7
dense,parity,0.05,1042,dense_parity_lr0.05,0.3748542876883044,6.013360519345404,0.4226079981928986,0.12635979145967668,66,0.36612875002902,c11834046b17ad15197a6803f14120ea732ba339ced76353925e56590922cbb7,781fb7bb2be704822d9e20674173436fc381138d0958f120cc6b826f586b36ca
dense,parity,0.05,1043,dense_parity_lr0.05,0.3753913257977203,6.0019683303555516,0.4181466206998893,0.12293510648576744,66,0.3645645410288125,025a58361caed61942f1056bbf840c2619dd7a08f53f4e9767b8acbfe1cd6f51,7f4d12c0425bbd686ed47fcd1b81ce5b76f122af920c32ff2986ddabb7bb4edc
dense,parity,0.05,1044,dense_parity_lr0.05,0.2938005609064107,5.994377662163906,0.42266847977877225,0.12722321241341045,66,0.3748933329479769,d55f82aee647cfb54d3763879738544f054cb331fc2a8e8a2f7b58e7ab20bf9a,cbdd93869644228bc3d5e252b11c3d0ec80436b321556510b5f51c620dc4e7b2
dense,parity,0.05,1045,dense_parity_lr0.05,0.3554487851900512,6.062633752623113,0.4707464975076864,0.1416946957498136,66,0.3676370829343796,8c21e594fa33731c1299b46b7a53fcea35c51eeae962d08be860704e9651b3f3,2d3367fb9342df89bb3f887660cd0493eacc12541cc2de30bc4b3093e03d361f
dense,parity,0.05,1046,dense_parity_lr0.05,0.38262832108558364,5.977172698975788,0.4247234895270343,0.12444398243142105,66,0.36838058300781995,50c5ab394fecd0a67effee49e2dc467e1b5726d573d0d4b0b0fca3d464b657c1,7665efa4923a92758071cf2d0bcc103634c9e20028efd953f4bcfe4f6a42f7a3
dense,parity,0.05,1047,dense_parity_lr0.05,0.47222918377770484,6.054698927494366,0.37935027777473285,0.11646053527684298,66,0.37250508391298354,32a02f3816713ff5c3bb316fa8e90c34868caf9816b120082f87525e08f8eea3,d1d76de118d2b7c879b9d5bde9b3043bcb61b5dd873ed3c1af450fa5d81e8a11
dense,parity,0.05,1048,dense_parity_lr0.05,0.3856765709109114,6.044295408085528,0.4244878056954177,0.12522390268014824,66,0.37705383298452944,52d5584ff8f88bb0039e31171304ebf533a30398f1a01f99a893785474866a66,bb5721bfcd8a241b2bf30d5d301477033782df3d126d05cb0193cfc64f82e324
dense,parity,0.05,1049,dense_parity_lr0.05,0.4044245257710547,6.060598939131221,0.4224126401860452,0.12292207829413916,66,0.37011933303438127,c07d5b9d7d3d83865356bf70ff3d6acbd4230c5027830c2b3a7fde11d954c80a,47b1773176fde51586eec99e69a98b943ff00b011ae0002d4dcebdfef7377726
dense,parity,0.05,1050,dense_parity_lr0.05,0.27598599003609653,5.910011088383058,0.44962382719369803,0.13218940519494723,66,0.37330362491775304,6960888a53c602d2814092b439bff21b1d7314a8580ce5946536c2786cf8f540,4d78eb95726620f9679b2fa16d5934a6edd31619041bbae823de358424211ac8
dense,parity,0.05,1051,dense_parity_lr0.05,0.40174155457082816,6.062902094828948,0.3960394831612451,0.11881184494837353,66,0.3700047910679132,2a3326a2a9e683545bef56d0e4c1ce563b1f5b70fab90536a2bf92220c7cc8e1,d2cf98e124e3c7dfffb599d6b1e385a8285f4d4cfca329d6c8c91594e27f0171
dense,parity,0.05,1052,dense_parity_lr0.05,0.46417940554015924,6.087436476507193,0.41180486125484206,0.12271784865394293,66,0.3809038329636678,fa35e7a6cdcc11741645f5996a28cd06b9371a4a1c2f1ad7fb7424d7f577218a,fba037cbd11c2ac0d30ea29e82934c02345ab8fc9cc00ad9d131c883ad1d3494
dense,parity,0.05,1053,dense_parity_lr0.05,0.457913459052044,6.1784792804069895,0.4164954309309268,0.1228661521246234,66,0.37761337507981807,79df9439b4d95f2986ed97aacb7e86ce7b1ee016b96291cd179e2ccd42386eeb,86deb82f68532933dcabdd8a5c0603e825dee32ff1394f9fd14aad8b3839c401
dense,parity,0.05,1054,dense_parity_lr0.05,0.44771717120752247,5.990489166838081,0.3828604204521521,0.11447526571519347,66,0.3750531249679625,13f9bcfa4db2cc2a2c05d061a5c97c8e997d2ce08dab5b8edfa06263a266067c,5a859bc70a687c7ea4ef617585c6b56ccf2c6ad2b410559ae17bc88fb6cee54e
dense,parity,0.05,1055,dense_parity_lr0.05,0.3790369804998627,5.9806833546772555,0.44402401996362156,0.13276318196912285,66,0.37408287497237325,5519425b7a8f96ff467fc3e1fcf74125c2cfbeb26b21958859f79b18b443f4d2,f88a3e8df5fa57b410757fe97ecf3aa17ef1b588ddedd0383565ea13f0736204
dense,parity,0.05,1056,dense_parity_lr0.05,0.41818109799032044,6.075505852073497,0.4351915816430157,0.12794632500304662,66,0.3680726250167936,f9b707135fa479de697a425d73602cdd3bd74514ebd653b2c0e2ab850edcaa30,b2929b4505fd3f9fdf1db3e23c05a597e0173c6f182a47fc7c3a363be3f54473
dense,parity,0.05,1057,dense_parity_lr0.05,0.31033246929760894,5.837967459718525,0.4677628762489443,0.13986109999843435,66,0.3754560831002891,d28b67feaf4f1656bc1cad5f07ad22e2eda476951f0fd60ae372b962e0a75e1e,44f9c60c731b2ce0b551462029ed05a8806442e685f056418b8332a2592750eb
dense,parity,0.05,1058,dense_parity_lr0.05,0.4709788073457753,6.185866172801696,0.37475004308939663,0.1098017626251932,66,0.39593929203692824,a19ed3237af8ed8a611c0195723dd9550ad5bd836def77d8ec70eae8cb778e48,f1cc26d866fda61738a4651a84d210ce569b8bf28107da5522f2a5898c73e2a7
dense,parity,0.05,1059,dense_parity_lr0.05,0.4462452975708859,6.072135084929039,0.4366567387124707,0.1309970216137412,66,0.39724008296616375,a223ca0db7abcdc944083fe0181f7755f0b2fd41ebc7f256812eb063b6c8e730,10d2a3f4d7cff56cdad44341109569d6057297d315bce3eb9badf32bd49d2295
dense,parity,0.05,1060,dense_parity_lr0.05,0.3687799318970118,5.924699862026101,0.454494989629684,0.13498501192001616,66,0.3895121669629589,757befef9e6dd07a9a4419468214926f82cb27d2040d1edaa8559268a17f1346,d83644cb6ea4dc88946389af3c29f15ef106cb67d3d9b480be8f51493da8dc5c
ring,mse,0.05,1001,ring_mse_lr0.05,0.5160301463682337,6.298168001377436,0.3718439948709212,0.1108095104715345,24,0.31289395899511874,d8b67b39bec55f9bccd9bebd4b1d3debec2a84bf9064b70ee7061c6544f28cca,d6e5a9a31bf28ff4758d8d5a35936e1627ce4811de21096058e930a30e883f78
ring,mse,0.05,1002,ring_mse_lr0.05,0.5438155336479001,6.15422889674311,0.38199754814138226,0.11001529386471809,24,0.32276366697624326,9a04e962016a57ba588eb7a4bd1780e53595ee328f42750835f7a99485fbbc35,ffe4358369c3881eb6f6ffa645ebbc7ae14f38a28efaf4fe3df0e33e18a8c3a2
ring,mse,0.05,1003,ring_mse_lr0.05,0.48868867098386204,6.169082793930537,0.4024367419564818,0.11992614910303158,24,0.32496949995402247,5c2744c6fa14188668429fb63d06ff4470ed82c656c3a1e313906d2d1ea5a600,7fd7f525ec7839a4aba8b20d61be470ad95476df0afbeab9df9a604696c0f08e
ring,mse,0.05,1004,ring_mse_lr0.05,0.6196050701085539,6.315182476586219,0.3619642855446734,0.10786535709231268,24,0.3275426250183955,c91ca6bc2aa39f72a1586af6b66c1c16a5de9bdaf642082b4c0d322d6a8af6df,990400480793263785fc10e7e3463501845c5a2dbfa6b6295798f821d865d227
ring,mse,0.05,1005,ring_mse_lr0.05,0.47035053650171543,6.0839178609324565,0.3947225828410805,0.11881149743516524,24,0.309699916979298,83bbb4e017db8a4cb9d3dd04d7b135583fb72be308d8e8d8697ade0f08b15675,5c09a36c8e739c7cb1998682ce5e0b71eaddd276229df735c1df057d7d44a22b
ring,mse,0.05,1006,ring_mse_lr0.05,0.560179916787682,6.148277552471649,0.3650522316782103,0.10915061727178489,24,0.3834226250182837,97bfb6b6872a3646017b1dad453aca4a0629c2c7a61d8d55410d50f3e2801965,9a8b91153010a8e0586deb155881000f74b051c82cecd4718b58871d4e0a00e4
ring,mse,0.05,1007,ring_mse_lr0.05,0.43948821405288035,6.170807530640704,0.40051590472769133,0.11695064418048587,24,0.354704458033666,0cd593f511077d4f853aa0452c5bd1d82d66f28a530eab73e030463170e12033,8a92117918a210c624624fc7a0c6d49e0e411b6e5133393916ebed1308e460dc
ring,mse,0.05,1008,ring_mse_lr0.05,0.6279646597866598,6.1700002329579675,0.36178406615641645,0.10419381105304794,24,0.36725512496195734,a1bbf2e60c67adbdeb1e984a1a247022667ddcb302547c9801ecb347472bcd53,2a3ebbdd84bfc43e88f502a30ffcd11630abbb6c8a5e7dfa8ac7679337240fae
ring,mse,0.05,1009,ring_mse_lr0.05,0.38357311868796073,6.050799401648884,0.42440071847891825,0.1256226126697598,24,0.3849431670969352,9667d1e760ab11a566136a8a0f1086c445b8d14236780e7bb96089f6ee01546d,94974d3ed6c89080c21e8e5c0d7fb87e5da7cf605e12cf3638638242fbf670b9
ring,mse,0.05,1010,ring_mse_lr0.05,0.5253489843951763,6.158767952817403,0.4094252108853173,0.11422963383700353,24,0.3433664171025157,24fba8bd3ef62ee408b72ae77d4f4f17207403e680d8e04300593273aa3d09ee,0ee44e083d16e5e1c920600abef6e41eb0700e3e5b38b7ecfda6671af52d0b9a
ring,mse,0.05,1011,ring_mse_lr0.05,0.49299220053176573,6.22241538080303,0.4018988922152766,0.11936397098793715,24,0.30680174997542053,6fd16a9a5b505ef800214c051c6a2ab64777ed3d8f6331b9069b67577e55e6b9,33c2703cfeb782010397612d60b4ab88b6059f79dd89282c02eae61aee2c94b0
ring,mse,0.05,1012,ring_mse_lr0.05,0.5232669645526195,6.224922574791853,0.3688258658815253,0.10880363043504997,24,0.3125372090144083,3c952c5a059a0250e18c66ecf40eabef7203ddcd9c25bb05f02ed3adbaf1c160,f4524bb7c882cd3553ab534fc60934fa72e3285a4f26d149e11fc4a988b79435
ring,mse,0.05,1013,ring_mse_lr0.05,0.4654868112122935,6.043089725430704,0.3876878138480343,0.11630634415441028,24,0.3046502500073984,4858eefcee967680a745c752b8eb8dd6324b0d52e83d792003e1964fc3594855,59fbe3f875493844232d2a71658278df0dbb2a5a853086294264e65ecbc65210
ring,mse,0.05,1014,ring_mse_lr0.05,0.48104166800888526,6.154510564716511,0.4104301667642555,0.1169725975278128,24,0.31411629205103964,364d404eb6cc8fa40e500b7786284b188c7306990e306334ce156a9fbad83d11,2f56a28a43bf144c1b9b616aa45e5a5cfa17719678bafe41b4f415645fc42673
ring,mse,0.05,1015,ring_mse_lr0.05,0.4580047214502666,6.06669165610269,0.39480102408421697,0.1188351082493493,24,0.3109029580373317,0d8e98cd6bcaf55451d8f4e8934fee61678f258b1e3d3bd2629a483cfe044d79,6d41995059470d379dd369cb60469b9eb22943faf894bfe580cc472857ffedb5
ring,mse,0.05,1016,ring_mse_lr0.05,0.5501978908307499,6.125593196734757,0.3725538539768963,0.11288381775499957,24,0.30779470899142325,af765f468c33ca4f7346e5f3229c51841636a5fc19eb587531ecade8afb98cd9,a66aa0dc3d229a4ecbd03337718ca4ce47b366e63d333f4e877d5d3abbfd4acd
ring,mse,0.05,1017,ring_mse_lr0.05,0.6111291398405285,6.138110675529384,0.3709927621039904,0.11315279244171707,24,0.2989092499483377,db9e3419e23ea7a590ed4a22fa5155aaaaefcf3788e0b9245348341b9ae5a490,3c8470f42535dd1a5e3398f39d1d50e6bd402aa8cafc1d0bf121fc77c77bf213
ring,mse,0.05,1018,ring_mse_lr0.05,0.491447276734405,6.128174575226931,0.39928816148250945,0.11339783786103269,24,0.3025407079840079,a44060f1dfcf271003cc60d3fd9da15236186651cdc390235f2626d135b0bd76,a302499c1b8db9ec776b06dbac05879748bad5092b13819a3e4e07f498522009
ring,mse,0.05,1019,ring_mse_lr0.05,0.5380596908850737,6.200729039393364,0.36103920389391625,0.11047799639153837,24,0.3000202919356525,cb5e3c7630e3360d79aab33dca43de4402e3081b5021e7818deb64cf625d2052,f4f50171458920c8b4f4f14ccdcb92cb4e3bdbd1f69b3ecc5388ffb655e89bff
ring,mse,0.05,1020,ring_mse_lr0.05,0.36197923555811684,6.0405910044660125,0.4481124059718867,0.13219315976170656,24,0.29710854100994766,70c533186935953d44888f9a9dd543b628ef786748305418bd42b11438995361,21c7e3490f7d61ac53c17855c167a6636fc9afe39bb79be0cbfa845f90119c9d
ring,mse,0.05,1021,ring_mse_lr0.05,0.44016678361645634,6.1170123564341745,0.39734812222460736,0.11324421483401309,24,0.2928301249630749,c30646e152524ef56b29fa5c1edcf7d26f48a8e38209818df296fad57c94b376,81f1e44223d625a50098e1817746cb9bdd242945de76436490f0ee57d9a815b3
ring,mse,0.05,1022,ring_mse_lr0.05,0.4703760364720333,6.172594435711274,0.4047851568497996,0.11941162127069088,24,0.3026059999829158,7872e327670b2cd29e6696454ff73757f74e45c65c01142055e66c9b71ec4207,985f49a2b8180a465733a022bc64f12631ba450dc8a9adf33af26480db96feb0
ring,mse,0.05,1023,ring_mse_lr0.05,0.48269260494634686,6.103020905470856,0.38843244943604965,0.11458757258363465,24,0.29109879105817527,0c9c2eed7ced0c9f3d32756ce2fa4803cbecf1f1e910032a98b4e22e08d4185d,44b95092ae6a70db9f0565c6471ab4f74a9ba638896dc364aee3ed0b84f04868
ring,mse,0.05,1024,ring_mse_lr0.05,0.43724750082610786,6.109625430344054,0.42018341442383755,0.1264752077415751,24,0.2917820840375498,2dcaa4a06d6a123a29a6c46f6054a2a76697bf86624485b289436d43caa5acec,53d02ea75ba8208ac74c6fca45dfea68c8881f70f007723461b0801cee7f5789
ring,mse,0.05,1025,ring_mse_lr0.05,0.46513420657643434,6.13828295984238,0.41457867037393487,0.12520275845292833,24,0.2960811249213293,6b9649fb1d0dcf6eb58962b41326f25cc15f4764495639c6cb94ae961ee6cb5c,c72f5128e0048127e5e3a59658e71f558f249dcc4317c1da7482166c0051e39c
ring,mse,0.05,1026,ring_mse_lr0.05,0.5057013136676898,6.1726879075243595,0.37992768898544965,0.11055895749476585,24,0.29991820896975696,5332d2871ed2fac0949dd6bc154e6d8ac62323c854b30f1329f1e011b4f1d8e6,97bdd60355c920bdbe763eb90ac1374beb70c1258a2d89a6a90f6ac1727e0463
ring,mse,0.05,1027,ring_mse_lr0.05,0.4856490702489672,6.116323088225866,0.377500135853521,0.11287254062020279,24,0.29421283409465104,ef18067c940476be8b64d6f8b33db4af03c12a08b4285aa2cb44b20112d848d3,63452d8002dbcdd7be59caf2d142125f6d91f4e3dfa34f8228efd5f425f74271
ring,mse,0.05,1028,ring_mse_lr0.05,0.5088433275837496,6.0652217581789465,0.39490308424197157,0.11452189443017176,24,0.29767775000073016,ea8048e5ab7ca0e4ea3a06f42a6ba49cabe017ae5c5bfd18fe2840fb87b7680b,53b4ac9383977aa475c93184f8d1c6bdac665b952493c3365479ff39156af553
ring,mse,0.05,1029,ring_mse_lr0.05,0.5799939853707028,6.241920793438096,0.3783076509013859,0.11235737231771162,24,0.2974974160315469,5d2a92e7b41903c486f3e70fc6f7444cf43eac028db595193d8f512b008c572f,f86fdea512a2c2282e6225086c51b8c6cbe44a15644bc3ab56170978769d9d5e
ring,mse,0.05,1030,ring_mse_lr0.05,0.5089766459829695,6.172886784049029,0.3767603408698356,0.11453514362443001,24,0.29857491701841354,a2a5bfdb02c1d45d1699917cbb0ed76a474225aca8111cae39f9e6381292aaa6,6d11ac2aba158f4f87f21f227908a00247a374c3e9cb98008421c7769748b558
ring,mse,0.05,1031,ring_mse_lr0.05,0.5229093302469109,6.1543863275418405,0.3828289785845634,0.11140323276810794,24,0.2960722909774631,3c51e32359df2bf54da0ae7ff1a933e2c13b245e018bc2fbcb3d0e270e8c4ec8,83e894f1efaf3c465f559b9aeff6a478b520732576fb1ac0e0f1c73ddde2825a
ring,mse,0.05,1032,ring_mse_lr0.05,0.4658207483565462,6.16074195952964,0.4070672136990939,0.12089896246863088,24,0.29618304199539125,35ca9094eb50ae6b67469a0f389ca752dfe6e3d6e4cfbe7f1ba666236771ef5e,bfc9bf685eb8589c47553aa2eaefbb522ee06d954c99e543e0e912117b89295b
ring,mse,0.05,1033,ring_mse_lr0.05,0.5103438870399206,6.22619097854606,0.40361325573084156,0.12108397671925246,24,0.29671625001356006,eb781c65f8f2f4f7ad912b767c1c3859a32f5c9829af36471dc7ddc06ba2128e,5a08230b07b5963c1fd63410e755b2f76bb1f57024bc39922cb5ebef3e21479c
ring,mse,0.05,1034,ring_mse_lr0.05,0.424908643243312,6.133043385570684,0.40053706392439065,0.1197605821133928,24,0.3121169999940321,44fe9d3bfafa880ef02fdb7f827075fe4108008052035fcfbdb6a6bf6b7d1191,dfe6eda754cb3af81408b30e628071ba13374615bbe1d43db8406ce8b3e6150c
ring,mse,0.05,1035,ring_mse_lr0.05,0.43949267060947483,6.146091864630259,0.4349698634192813,0.12570629052817228,24,0.3142047089058906,8b2f889f1134f60faeea65d429c835d1ff84f83ae7b2b7b169f17c0143374ee7,9a9a7f89bb8ec224f0ba0d814cc91a06db90cb312d2e46376682a0b0a64afc31
ring,mse,0.05,1036,ring_mse_lr0.05,0.5502128095059767,6.242570215933805,0.38046963571235926,0.11261901217085835,24,0.3061936249723658,77a0f9043d3e75493ba304dc79e70c601687f7ce3aa9b8ce3f5f24132e01540b,efa9de7ed73562643aadf9a16c93632dc805e01734bbeac2f1cc25f3c13a7b61
ring,mse,0.05,1037,ring_mse_lr0.05,0.4287625871143573,6.076027937844261,0.42697005702137275,0.12424828659321947,24,0.3073324589058757,05a2a91ec2f0f0db0ac4204f860c1749356e21df257c586d3db5ad5bfe5b7bf5,db201679d7e93a5c5455469739ca6f1ec393627cb3e7ea0640e85ce234025b4e
ring,mse,0.05,1038,ring_mse_lr0.05,0.4183200370253965,6.075892849097842,0.3939617007442583,0.11779454852253324,24,0.3051777499495074,a4553a2c764f6914be5fc9f2f755d6d0da754409dfd6d47579e72d7bf3ac64d1,afb957816f7d3420ad7e64becb1f6971895effc5ca61097da453a2679e372776
ring,mse,0.05,1039,ring_mse_lr0.05,0.4671407410397579,6.088942959179127,0.41844350542065817,0.12804371265872141,24,0.29678400000557303,c69409e26a640ac42e446f6e11a36e920777dd59e5daec5a1b3d3ebb2561cd8d,60c0c86c8eacc83a567475a450e64ed8d914c18c6fbf97ad7c19a3842905a3a3
ring,mse,0.05,1040,ring_mse_lr0.05,0.459506146984346,6.1678230108289,0.38455122913254836,0.11228895890670412,24,0.29422162496484816,e23fcbf100776d4b6fa70311897dee26f2698907face6ee51700226641f10ab6,30709511b2e7b5f43ce6c979b52864a57aac0c9d23c32ad0f1b8692f07c98207
ring,mse,0.05,1041,ring_mse_lr0.05,0.47971344885517075,6.055916642215813,0.3878448893600244,0.11674131169736734,24,0.2976473330054432,7a44f9ec7fdf9255b94ab8c9ddf83a54b4e9b735d0bc2a666fbbea5fe3bfdfd8,84d86566a7bf90b25e3b1c4c52e34f1cb6c129a05f9ad3ea8383f67bcca2757c
ring,mse,0.05,1042,ring_mse_lr0.05,0.5731455509697589,6.224080152017974,0.3619654926658503,0.10822768230708925,24,0.3017504169838503,c11834046b17ad15197a6803f14120ea732ba339ced76353925e56590922cbb7,1efede4f97003377f2aa621b06c1d8d262b24bb5d9011cba5fcb427daa72f9b1
ring,mse,0.05,1043,ring_mse_lr0.05,0.4030282082624001,6.019313542370218,0.4118127547042378,0.12107294988304591,24,0.3128929170779884,025a58361caed61942f1056bbf840c2619dd7a08f53f4e9767b8acbfe1cd6f51,4cefdc8eeaa804021f4a12ceb2b49e6cb1aa41528e20a7d32a31cf656cee172c
ring,mse,0.05,1044,ring_mse_lr0.05,0.5420728195756366,6.240028689239703,0.3868141830588156,0.1164310691007035,24,0.3014855409273878,d55f82aee647cfb54d3763879738544f054cb331fc2a8e8a2f7b58e7ab20bf9a,ca3d3ea42bc3118f3826acecb08504698bd65c1adc31a9c132505c487b4be205
ring,mse,0.05,1045,ring_mse_lr0.05,0.5397835919152629,6.259553470725095,0.3771496755784209,0.11352205234910469,24,0.29911620798520744,8c21e594fa33731c1299b46b7a53fcea35c51eeae962d08be860704e9651b3f3,4fb3581dd20c2af86608b9ae64325ccc0b7e69f90ea7270ccce9260c6eaae747
ring,mse,0.05,1046,ring_mse_lr0.05,0.4681286423446465,6.112232926963048,0.38238255638061625,0.11203808901952056,24,0.30531908303964883,50c5ab394fecd0a67effee49e2dc467e1b5726d573d0d4b0b0fca3d464b657c1,042374d30ff1adbd0c4d7c0ade9b946e8d04fc5287eb7032204dc0cb2eee1189
ring,mse,0.05,1047,ring_mse_lr0.05,0.5585693122906257,6.101215196087741,0.3668349870186629,0.1126183410147295,24,0.2987719998927787,32a02f3816713ff5c3bb316fa8e90c34868caf9816b120082f87525e08f8eea3,e9ca2962968c53c9fc484235d01cac0843a1044996a819a1465f3bcf5eddc4a8
ring,mse,0.05,1048,ring_mse_lr0.05,0.5448488860795762,6.191537227520923,0.3941484702971163,0.11627379873764931,24,0.2929409999633208,52d5584ff8f88bb0039e31171304ebf533a30398f1a01f99a893785474866a66,5847885284d09f9a22bacd145ebccf1e75857a1386e559146ece68f1e5bd8473
ring,mse,0.05,1049,ring_mse_lr0.05,0.693606467088517,6.330280349307035,0.35786522031677265,0.10413877911218085,24,0.29596258292440325,c07d5b9d7d3d83865356bf70ff3d6acbd4230c5027830c2b3a7fde11d954c80a,0a6ea8af797eb1eaec03c81c8b1f3a97c9611bc0f2a6b00b23b050634aba6f23
ring,mse,0.05,1050,ring_mse_lr0.05,0.47582708320557443,6.123840735806798,0.3989451898552701,0.11728988581744941,24,0.2965786249842495,6960888a53c602d2814092b439bff21b1d7314a8580ce5946536c2786cf8f540,77e8494c138dfd0176bb3547d3449e56a42728400d8fdfcb2240371a1b0452b4
ring,mse,0.05,1051,ring_mse_lr0.05,0.5759651534496453,6.235774135689046,0.34973622211071015,0.10492086663321305,24,0.29324262496083975,2a3326a2a9e683545bef56d0e4c1ce563b1f5b70fab90536a2bf92220c7cc8e1,029b4c25d9016e5abbd017bcc42d2d01b0c39c9731ca15acc4979f862d8bb2cf
ring,mse,0.05,1052,ring_mse_lr0.05,0.6745179605392468,6.348235441672959,0.3575466242159606,0.10654889401635625,24,0.30328712495975196,fa35e7a6cdcc11741645f5996a28cd06b9371a4a1c2f1ad7fb7424d7f577218a,b09c39ee06659bba32b6d9ed2437298bee4a8866566a5821bb55c46659e23dd7
ring,mse,0.05,1053,ring_mse_lr0.05,0.3805181569374321,6.042943129756192,0.42069006219107835,0.12410356834636813,24,0.29774762492161244,79df9439b4d95f2986ed97aacb7e86ce7b1ee016b96291cd179e2ccd42386eeb,08e766e5c2fccf864ed541a2c415a594dacdf218c3d846f8e76d82735110bd74
ring,mse,0.05,1054,ring_mse_lr0.05,0.54613355798138,6.1118785263824424,0.3634489217437747,0.10867122760138864,24,0.29767012502998114,13f9bcfa4db2cc2a2c05d061a5c97c8e997d2ce08dab5b8edfa06263a266067c,0dc6ed96315d52efc0737dd1b4865103ecadcc00d2aefe536225a73e89b65998
ring,mse,0.05,1055,ring_mse_lr0.05,0.5391371224449804,6.236546039328712,0.3810858784527728,0.11394467765737908,24,0.29458716709632427,5519425b7a8f96ff467fc3e1fcf74125c2cfbeb26b21958859f79b18b443f4d2,81442d0b2ca7b242417960bdc7da279491bd46ab5710d88437891c6ec3beba65
ring,mse,0.05,1056,ring_mse_lr0.05,0.4762176907198041,6.078528901009659,0.4009038026193677,0.1178657179700941,24,0.29854304203763604,f9b707135fa479de697a425d73602cdd3bd74514ebd653b2c0e2ab850edcaa30,a9a123cc0c706e8171005beabd5e357bf24fd53e16cd34591f1e1a83d0442b85
ring,mse,0.05,1057,ring_mse_lr0.05,0.4347732887272031,6.00397596500765,0.40960886599665614,0.12247305093300018,24,0.2974950410425663,d28b67feaf4f1656bc1cad5f07ad22e2eda476951f0fd60ae372b962e0a75e1e,6bac777d7d7aad239c90b6f6624d4ff6b6ace062c4f051de5260a8d40fc2698b
ring,mse,0.05,1058,ring_mse_lr0.05,0.5174557309813298,6.197220657759018,0.43800451788125977,0.1283353237392091,24,0.2912372079445049,a19ed3237af8ed8a611c0195723dd9550ad5bd836def77d8ec70eae8cb778e48,9a25f92cb3144771355e6b5e0e41dc89564f19aa51752fa1598d15de7544ef3a
ring,mse,0.05,1059,ring_mse_lr0.05,0.4603493375958432,6.1014964373942195,0.39486795077388603,0.1184603852321658,24,0.28570000000763685,a223ca0db7abcdc944083fe0181f7755f0b2fd41ebc7f256812eb063b6c8e730,100132982a6f2f74bc33783be4cbb8e324c41ab231ae88b2605bf830d1eb3a79
ring,mse,0.05,1060,ring_mse_lr0.05,0.5057371943445859,6.005620292881711,0.3993482730996495,0.11860643711059589,24,0.2784637500299141,757befef9e6dd07a9a4419468214926f82cb27d2040d1edaa8559268a17f1346,42969979ca116da722bda34414e7d5092da7716d1316b6ab8a84495cd5910826
ring,mse,0.1,1001,ring_mse_lr0.1,0.505636042251761,6.282043877441848,0.3724340000790445,0.11098533202355526,24,0.547783707967028,d8b67b39bec55f9bccd9bebd4b1d3debec2a84bf9064b70ee7061c6544f28cca,d6e5a9a31bf28ff4758d8d5a35936e1627ce4811de21096058e930a30e883f78
ring,mse,0.1,1002,ring_mse_lr0.1,0.3825083952322511,5.998976612297152,0.4113439145662752,0.11846704739508726,24,0.5808473329525441,9a04e962016a57ba588eb7a4bd1780e53595ee328f42750835f7a99485fbbc35,ffe4358369c3881eb6f6ffa645ebbc7ae14f38a28efaf4fe3df0e33e18a8c3a2
ring,mse,0.1,1003,ring_mse_lr0.1,0.38307375737345506,6.072937474367702,0.4220928306498958,0.12578366353366893,24,0.5995588330551982,5c2744c6fa14188668429fb63d06ff4470ed82c656c3a1e313906d2d1ea5a600,7fd7f525ec7839a4aba8b20d61be470ad95476df0afbeab9df9a604696c0f08e
ring,mse,0.1,1004,ring_mse_lr0.1,0.487230062290593,6.204138776522486,0.3829637056522384,0.11412318428436706,24,0.559334542020224,c91ca6bc2aa39f72a1586af6b66c1c16a5de9bdaf642082b4c0d322d6a8af6df,990400480793263785fc10e7e3463501845c5a2dbfa6b6295798f821d865d227
ring,mse,0.1,1005,ring_mse_lr0.1,0.4404233377846184,6.049018303187688,0.408436088639982,0.12293926268063458,24,0.39289999997708946,83bbb4e017db8a4cb9d3dd04d7b135583fb72be308d8e8d8697ade0f08b15675,5c09a36c8e739c7cb1998682ce5e0b71eaddd276229df735c1df057d7d44a22b
ring,mse,0.1,1006,ring_mse_lr0.1,0.384778028459121,5.962649596631914,0.3958370166057041,0.11835526796510552,24,0.3769273749785498,97bfb6b6872a3646017b1dad453aca4a0629c2c7a61d8d55410d50f3e2801965,9a8b91153010a8e0586deb155881000f74b051c82cecd4718b58871d4e0a00e4
ring,mse,0.1,1007,ring_mse_lr0.1,0.32445569936757046,6.031312331566145,0.4332463754334054,0.12650794162655438,24,0.4123242909554392,0cd593f511077d4f853aa0452c5bd1d82d66f28a530eab73e030463170e12033,8a92117918a210c624624fc7a0c6d49e0e411b6e5133393916ebed1308e460dc
ring,mse,0.1,1008,ring_mse_lr0.1,0.4458443873060254,5.977698196850655,0.3889365780799738,0.11201373448703245,24,0.4031171250389889,a1bbf2e60c67adbdeb1e984a1a247022667ddcb302547c9801ecb347472bcd53,2a3ebbdd84bfc43e88f502a30ffcd11630abbb6c8a5e7dfa8ac7679337240fae
ring,mse,0.1,1009,ring_mse_lr0.1,0.34988054523832046,6.028282882564409,0.4321702387166054,0.1279223906601152,24,0.3565752920694649,9667d1e760ab11a566136a8a0f1086c445b8d14236780e7bb96089f6ee01546d,94974d3ed6c89080c21e8e5c0d7fb87e5da7cf605e12cf3638638242fbf670b9
ring,mse,0.1,1010,ring_mse_lr0.1,0.36991366160465317,6.006376280518531,0.45447984411852926,0.12679987650906965,24,0.3590173330157995,24fba8bd3ef62ee408b72ae77d4f4f17207403e680d8e04300593273aa3d09ee,0ee44e083d16e5e1c920600abef6e41eb0700e3e5b38b7ecfda6671af52d0b9a
ring,mse,0.1,1011,ring_mse_lr0.1,0.43528356619387565,6.1453839996179696,0.4047668572579357,0.12021575660560692,24,0.30296633299440145,6fd16a9a5b505ef800214c051c6a2ab64777ed3d8f6331b9069b67577e55e6b9,33c2703cfeb782010397612d60b4ab88b6059f79dd89282c02eae61aee2c94b0
ring,mse,0.1,1012,ring_mse_lr0.1,0.4382842192550263,6.140877107143489,0.39396321832792897,0.11621914940673905,24,0.2959572079125792,3c952c5a059a0250e18c66ecf40eabef7203ddcd9c25bb05f02ed3adbaf1c160,f4524bb7c882cd3553ab534fc60934fa72e3285a4f26d149e11fc4a988b79435
ring,mse,0.1,1013,ring_mse_lr0.1,0.4292309513653787,6.001733541808975,0.38982370843124725,0.11694711252937418,24,0.29039312503300607,4858eefcee967680a745c752b8eb8dd6324b0d52e83d792003e1964fc3594855,59fbe3f875493844232d2a71658278df0dbb2a5a853086294264e65ecbc65210
ring,mse,0.1,1014,ring_mse_lr0.1,0.5216432662169964,6.175806987835119,0.41273379713563724,0.11762913218365662,24,0.29729433404281735,364d404eb6cc8fa40e500b7786284b188c7306990e306334ce156a9fbad83d11,2f56a28a43bf144c1b9b616aa45e5a5cfa17719678bafe41b4f415645fc42673
ring,mse,0.1,1015,ring_mse_lr0.1,0.4583462724790479,6.067045909828808,0.39479067128712636,0.11883199205742502,24,0.30454587505664676,0d8e98cd6bcaf55451d8f4e8934fee61678f258b1e3d3bd2629a483cfe044d79,6d41995059470d379dd369cb60469b9eb22943faf894bfe580cc472857ffedb5
ring,mse,0.1,1016,ring_mse_lr0.1,0.35999050838691105,5.926140113520368,0.38896404709583965,0.11785610627003942,24,0.30675916699692607,af765f468c33ca4f7346e5f3229c51841636a5fc19eb587531ecade8afb98cd9,a66aa0dc3d229a4ecbd03337718ca4ce47b366e63d333f4e877d5d3abbfd4acd
ring,mse,0.1,1017,ring_mse_lr0.1,0.5733988540164058,6.090163356273265,0.37679762094653224,0.11492327438869233,24,0.2983615000266582,db9e3419e23ea7a590ed4a22fa5155aaaaefcf3788e0b9245348341b9ae5a490,3c8470f42535dd1a5e3398f39d1d50e6bd402aa8cafc1d0bf121fc77c77bf213
ring,mse,0.1,1018,ring_mse_lr0.1,0.3060285930023497,5.948740231203877,0.4642603754195991,0.13184994661916613,24,0.305384041974321,a44060f1dfcf271003cc60d3fd9da15236186651cdc390235f2626d135b0bd76,a302499c1b8db9ec776b06dbac05879748bad5092b13819a3e4e07f498522009
ring,mse,0.1,1019,ring_mse_lr0.1,0.5383165631894429,6.200930555443485,0.36101902288318216,0.11047182100225374,24,0.3059268749784678,cb5e3c7630e3360d79aab33dca43de4402e3081b5021e7818deb64cf625d2052,f4f50171458920c8b4f4f14ccdcb92cb4e3bdbd1f69b3ecc5388ffb655e89bff
ring,mse,0.1,1020,ring_mse_lr0.1,0.36450940081281297,6.046980132554232,0.4466284959021368,0.13175540629113036,24,0.30773333297111094,70c533186935953d44888f9a9dd543b628ef786748305418bd42b11438995361,21c7e3490f7d61ac53c17855c167a6636fc9afe39bb79be0cbfa845f90119c9d
ring,mse,0.1,1021,ring_mse_lr0.1,0.4216888929333648,6.08693392110027,0.41074631048717897,0.11706269848884601,24,0.3051951670786366,c30646e152524ef56b29fa5c1edcf7d26f48a8e38209818df296fad57c94b376,81f1e44223d625a50098e1817746cb9bdd242945de76436490f0ee57d9a815b3
ring,mse,0.1,1022,ring_mse_lr0.1,0.3344599903511918,6.005388213436697,0.42493468369414794,0.12535573168977365,24,0.3000632079783827,7872e327670b2cd29e6696454ff73757f74e45c65c01142055e66c9b71ec4207,985f49a2b8180a465733a022bc64f12631ba450dc8a9adf33af26480db96feb0
ring,mse,0.1,1023,ring_mse_lr0.1,0.4224060804451688,6.059106399623544,0.41583754916136645,0.1226720770026031,24,0.29167454096022993,0c9c2eed7ced0c9f3d32756ce2fa4803cbecf1f1e910032a98b4e22e08d4185d,44b95092ae6a70db9f0565c6471ab4f74a9ba638896dc364aee3ed0b84f04868
ring,mse,0.1,1024,ring_mse_lr0.1,0.3925606233055937,6.0482721200244285,0.41850365441513576,0.12596959997895588,24,0.2885781250661239,2dcaa4a06d6a123a29a6c46f6054a2a76697bf86624485b289436d43caa5acec,53d02ea75ba8208ac74c6fca45dfea68c8881f70f007723461b0801cee7f5789
ring,mse,0.1,1025,ring_mse_lr0.1,0.49033807051874256,6.157852206646792,0.41102355422836206,0.12412911337696533,24,0.27303741697687656,6b9649fb1d0dcf6eb58962b41326f25cc15f4764495639c6cb94ae961ee6cb5c,c72f5128e0048127e5e3a59658e71f558f249dcc4317c1da7482166c0051e39c
ring,mse,0.1,1026,ring_mse_lr0.1,0.4367808469881148,6.090466818476464,0.39982373860325726,0.11634870793354787,24,0.27313983300700784,5332d2871ed2fac0949dd6bc154e6d8ac62323c854b30f1329f1e011b4f1d8e6,97bdd60355c920bdbe763eb90ac1374beb70c1258a2d89a6a90f6ac1727e0463
ring,mse,0.1,1027,ring_mse_lr0.1,0.45510638537610265,6.081283967306476,0.381479272682491,0.1140623025320648,24,0.2698690420947969,ef18067c940476be8b64d6f8b33db4af03c12a08b4285aa2cb44b20112d848d3,63452d8002dbcdd7be59caf2d142125f6d91f4e3dfa34f8228efd5f425f74271
ring,mse,0.1,1028,ring_mse_lr0.1,0.4680068444518451,6.023983464418683,0.4080010931274151,0.11832031700695038,24,0.2656743749976158,ea8048e5ab7ca0e4ea3a06f42a6ba49cabe017ae5c5bfd18fe2840fb87b7680b,53b4ac9383977aa475c93184f8d1c6bdac665b952493c3365479ff39156af553
ring,mse,0.1,1029,ring_mse_lr0.1,0.4467941239431361,6.118033057830313,0.39731038487708453,0.1180011843084941,24,0.25841116707306355,5d2a92e7b41903c486f3e70fc6f7444cf43eac028db595193d8f512b008c572f,f86fdea512a2c2282e6225086c51b8c6cbe44a15644bc3ab56170978769d9d5e
ring,mse,0.1,1030,ring_mse_lr0.1,0.49913483665456765,6.1527704070481315,0.37902634860150775,0.11522400997485836,24,0.2576861249981448,a2a5bfdb02c1d45d1699917cbb0ed76a474225aca8111cae39f9e6381292aaa6,6d11ac2aba158f4f87f21f227908a00247a374c3e9cb98008421c7769748b558
ring,mse,0.1,1031,ring_mse_lr0.1,0.49232561396751234,6.132905598549836,0.39220213223219264,0.11413082047956806,24,0.2556580830132589,3c51e32359df2bf54da0ae7ff1a933e2c13b245e018bc2fbcb3d0e270e8c4ec8,83e894f1efaf3c465f559b9aeff6a478b520732576fb1ac0e0f1c73ddde2825a
ring,mse,0.1,1032,ring_mse_lr0.1,0.4389954167145341,6.133669235140236,0.40977910114726274,0.12170439304073703,24,0.2627544159768149,35ca9094eb50ae6b67469a0f389ca752dfe6e3d6e4cfbe7f1ba666236771ef5e,bfc9bf685eb8589c47553aa2eaefbb522ee06d954c99e543e0e912117b89295b
ring,mse,0.1,1033,ring_mse_lr0.1,0.49284643397330286,6.200441329244918,0.41518254030835644,0.12455476209250693,24,0.2564811670454219,eb781c65f8f2f4f7ad912b767c1c3859a32f5c9829af36471dc7ddc06ba2128e,5a08230b07b5963c1fd63410e755b2f76bb1f57024bc39922cb5ebef3e21479c
ring,mse,0.1,1034,ring_mse_lr0.1,0.42616745591394745,6.1343540077387875,0.40037364347729876,0.11971171939971234,24,0.25884566688910127,44fe9d3bfafa880ef02fdb7f827075fe4108008052035fcfbdb6a6bf6b7d1191,dfe6eda754cb3af81408b30e628071ba13374615bbe1d43db8406ce8b3e6150c
ring,mse,0.1,1035,ring_mse_lr0.1,0.3436079303728685,6.027653130587524,0.4568020926603339,0.1320158047788365,24,0.2587618750985712,8b2f889f1134f60faeea65d429c835d1ff84f83ae7b2b7b169f17c0143374ee7,9a9a7f89bb8ec224f0ba0d814cc91a06db90cb312d2e46376682a0b0a64afc31
ring,mse,0.1,1036,ring_mse_lr0.1,0.48024060349435743,6.166453008149194,0.3940658168308385,0.1166434817819282,24,0.260864167008549,77a0f9043d3e75493ba304dc79e70c601687f7ce3aa9b8ce3f5f24132e01540b,efa9de7ed73562643aadf9a16c93632dc805e01734bbeac2f1cc25f3c13a7b61
ring,mse,0.1,1037,ring_mse_lr0.1,0.40190339551455084,6.040045011154212,0.4352053184897279,0.12664474768051082,24,0.2616277920315042,05a2a91ec2f0f0db0ac4204f860c1749356e21df257c586d3db5ad5bfe5b7bf5,db201679d7e93a5c5455469739ca6f1ec393627cb3e7ea0640e85ce234025b4e
ring,mse,0.1,1038,ring_mse_lr0.1,0.4184130287881448,6.078084380521281,0.39899928957280756,0.11930078758226946,24,0.259282958926633,a4553a2c764f6914be5fc9f2f755d6d0da754409dfd6d47579e72d7bf3ac64d1,afb957816f7d3420ad7e64becb1f6971895effc5ca61097da453a2679e372776
ring,mse,0.1,1039,ring_mse_lr0.1,0.42383695915735653,6.05184178819191,0.4198949367230641,0.12848785063725762,24,0.26282266702037305,c69409e26a640ac42e446f6e11a36e920777dd59e5daec5a1b3d3ebb2561cd8d,60c0c86c8eacc83a567475a450e64ed8d914c18c6fbf97ad7c19a3842905a3a3
ring,mse,0.1,1040,ring_mse_lr0.1,0.4595868324671636,6.167874169794603,0.38452805366718995,0.11228219167081946,24,0.26555524999275804,e23fcbf100776d4b6fa70311897dee26f2698907face6ee51700226641f10ab6,30709511b2e7b5f43ce6c979b52864a57aac0c9d23c32ad0f1b8692f07c98207
ring,mse,0.1,1041,ring_mse_lr0.1,0.40312077222768383,5.982243581853457,0.40959369170098053,0.12328770120199514,24,0.26983708306215703,7a44f9ec7fdf9255b94ab8c9ddf83a54b4e9b735d0bc2a666fbbea5fe3bfdfd8,84d86566a7bf90b25e3b1c4c52e34f1cb6c129a05f9ad3ea8383f67bcca2757c
ring,mse,0.1,1042,ring_mse_lr0.1,0.46366766411555915,6.095755536939304,0.38426636819902393,0.11489564409150815,24,0.2679328339872882,c11834046b17ad15197a6803f14120ea732ba339ced76353925e56590922cbb7,1efede4f97003377f2aa621b06c1d8d262b24bb5d9011cba5fcb427daa72f9b1
ring,mse,0.1,1043,ring_mse_lr0.1,0.4018560528903966,6.018481025904267,0.41196768745945833,0.12111850011308076,24,0.2876193340634927,025a58361caed61942f1056bbf840c2619dd7a08f53f4e9767b8acbfe1cd6f51,4cefdc8eeaa804021f4a12ceb2b49e6cb1aa41528e20a7d32a31cf656cee172c
ring,mse,0.1,1044,ring_mse_lr0.1,0.5688409179352077,6.264691211760796,0.3845097755833995,0.11573744245060326,24,0.26293283293489367,d55f82aee647cfb54d3763879738544f054cb331fc2a8e8a2f7b58e7ab20bf9a,ca3d3ea42bc3118f3826acecb08504698bd65c1adc31a9c132505c487b4be205
ring,mse,0.1,1045,ring_mse_lr0.1,0.4642349866804607,6.172368885604796,0.39548894784977345,0.1190421733027818,24,0.3008080000290647,8c21e594fa33731c1299b46b7a53fcea35c51eeae962d08be860704e9651b3f3,4fb3581dd20c2af86608b9ae64325ccc0b7e69f90ea7270ccce9260c6eaae747
ring,mse,0.1,1046,ring_mse_lr0.1,0.4619798870909423,6.117174464184202,0.38398759344898653,0.11250836488055305,24,0.29295154195278883,50c5ab394fecd0a67effee49e2dc467e1b5726d573d0d4b0b0fca3d464b657c1,042374d30ff1adbd0c4d7c0ade9b946e8d04fc5287eb7032204dc0cb2eee1189
ring,mse,0.1,1047,ring_mse_lr0.1,0.5216259352642014,6.069069442757062,0.37082788027001123,0.11384415924289346,24,0.33864808292128146,32a02f3816713ff5c3bb316fa8e90c34868caf9816b120082f87525e08f8eea3,e9ca2962968c53c9fc484235d01cac0843a1044996a819a1465f3bcf5eddc4a8
ring,mse,0.1,1048,ring_mse_lr0.1,0.3455293923228821,6.004395949315168,0.43336553831083496,0.1278428338016963,24,0.3375802499940619,52d5584ff8f88bb0039e31171304ebf533a30398f1a01f99a893785474866a66,5847885284d09f9a22bacd145ebccf1e75857a1386e559146ece68f1e5bd8473
ring,mse,0.1,1049,ring_mse_lr0.1,0.5052258668202887,6.142533863472418,0.39700396441961555,0.11552815364610812,24,0.30222670803777874,c07d5b9d7d3d83865356bf70ff3d6acbd4230c5027830c2b3a7fde11d954c80a,0a6ea8af797eb1eaec03c81c8b1f3a97c9611bc0f2a6b00b23b050634aba6f23
ring,mse,0.1,1050,ring_mse_lr0.1,0.3644691699365863,6.019614429617797,0.4192294273592996,0.12325345164363408,24,0.33694120799191296,6960888a53c602d2814092b439bff21b1d7314a8580ce5946536c2786cf8f540,77e8494c138dfd0176bb3547d3449e56a42728400d8fdfcb2240371a1b0452b4
ring,mse,0.1,1051,ring_mse_lr0.1,0.48032329375897176,6.123207973320606,0.36206644606881466,0.1086199338206444,24,0.3218798330053687,2a3326a2a9e683545bef56d0e4c1ce563b1f5b70fab90536a2bf92220c7cc8e1,029b4c25d9016e5abbd017bcc42d2d01b0c39c9731ca15acc4979f862d8bb2cf
ring,mse,0.1,1052,ring_mse_lr0.1,0.6185707872017372,6.321371070177464,0.3644687963292875,0.10861170130612768,24,0.3001358340261504,fa35e7a6cdcc11741645f5996a28cd06b9371a4a1c2f1ad7fb7424d7f577218a,b09c39ee06659bba32b6d9ed2437298bee4a8866566a5821bb55c46659e23dd7
ring,mse,0.1,1053,ring_mse_lr0.1,0.4058478029966835,6.071642127166633,0.4024345459686475,0.118718191060751,24,0.29239666706416756,79df9439b4d95f2986ed97aacb7e86ce7b1ee016b96291cd179e2ccd42386eeb,08e766e5c2fccf864ed541a2c415a594dacdf218c3d846f8e76d82735110bd74
ring,mse,0.1,1054,ring_mse_lr0.1,0.439770976950695,6.004750009712232,0.3766908417161633,0.11263056167313283,24,0.3130414589541033,13f9bcfa4db2cc2a2c05d061a5c97c8e997d2ce08dab5b8edfa06263a266067c,0dc6ed96315d52efc0737dd1b4865103ecadcc00d2aefe536225a73e89b65998
ring,mse,0.1,1055,ring_mse_lr0.1,0.47207801142028344,6.149318688236396,0.39229008126511494,0.11729473429826937,24,0.2797580830520019,5519425b7a8f96ff467fc3e1fcf74125c2cfbeb26b21958859f79b18b443f4d2,81442d0b2ca7b242417960bdc7da279491bd46ab5710d88437891c6ec3beba65
ring,mse,0.1,1056,ring_mse_lr0.1,0.4471164083888289,6.057780685825059,0.4013684072571386,0.11800231173359876,24,0.29023095895536244,f9b707135fa479de697a425d73602cdd3bd74514ebd653b2c0e2ab850edcaa30,a9a123cc0c706e8171005beabd5e357bf24fd53e16cd34591f1e1a83d0442b85
ring,mse,0.1,1057,ring_mse_lr0.1,0.42585598214953985,5.994268246977221,0.4114545618098558,0.12302491398114689,24,0.266051874961704,d28b67feaf4f1656bc1cad5f07ad22e2eda476951f0fd60ae372b962e0a75e1e,6bac777d7d7aad239c90b6f6624d4ff6b6ace062c4f051de5260a8d40fc2698b
ring,mse,0.1,1058,ring_mse_lr0.1,0.3282115425108122,6.06247241959797,0.4411543157799821,0.12925821452353475,24,0.26634820795152336,a19ed3237af8ed8a611c0195723dd9550ad5bd836def77d8ec70eae8cb778e48,9a25f92cb3144771355e6b5e0e41dc89564f19aa51752fa1598d15de7544ef3a
ring,mse,0.1,1059,ring_mse_lr0.1,0.4157751929098785,6.065237593109787,0.4049037549424815,0.12147112648274445,24,0.26223391597159207,a223ca0db7abcdc944083fe0181f7755f0b2fd41ebc7f256812eb063b6c8e730,100132982a6f2f74bc33783be4cbb8e324c41ab231ae88b2605bf830d1eb3a79
ring,mse,0.1,1060,ring_mse_lr0.1,0.39977704614860865,5.911835123126417,0.41332437751795137,0.12275734012283157,24,0.26455862494185567,757befef9e6dd07a9a4419468214926f82cb27d2040d1edaa8559268a17f1346,42969979ca116da722bda34414e7d5092da7716d1316b6ab8a84495cd5910826
ring,parity,0.05,1001,ring_parity_lr0.05,0.46287916871629475,6.215429508872568,0.37637592466742814,0.11216002555089358,24,0.39976066700182855,d8b67b39bec55f9bccd9bebd4b1d3debec2a84bf9064b70ee7061c6544f28cca,d6e5a9a31bf28ff4758d8d5a35936e1627ce4811de21096058e930a30e883f78
ring,parity,0.05,1002,ring_parity_lr0.05,0.4515491193938732,6.041956249727267,0.3890223344056591,0.11203843230882982,24,0.3992258330108598,9a04e962016a57ba588eb7a4bd1780e53595ee328f42750835f7a99485fbbc35,ffe4358369c3881eb6f6ffa645ebbc7ae14f38a28efaf4fe3df0e33e18a8c3a2
ring,parity,0.05,1003,ring_parity_lr0.05,0.4831106606186049,6.1739896556375875,0.4128789018603106,0.12303791275437256,24,0.39384912501554936,5c2744c6fa14188668429fb63d06ff4470ed82c656c3a1e313906d2d1ea5a600,7fd7f525ec7839a4aba8b20d61be470ad95476df0afbeab9df9a604696c0f08e
ring,parity,0.05,1004,ring_parity_lr0.05,0.45690455019003684,6.146810168322885,0.3908472600386617,0.11647248349152119,24,0.3832652500132099,c91ca6bc2aa39f72a1586af6b66c1c16a5de9bdaf642082b4c0d322d6a8af6df,990400480793263785fc10e7e3463501845c5a2dbfa6b6295798f821d865d227
ring,parity,0.05,1005,ring_parity_lr0.05,0.4179701862687951,6.039921698852259,0.42704970592702424,0.1285419614840343,24,0.3987240840215236,83bbb4e017db8a4cb9d3dd04d7b135583fb72be308d8e8d8697ade0f08b15675,5c09a36c8e739c7cb1998682ce5e0b71eaddd276229df735c1df057d7d44a22b
ring,parity,0.05,1006,ring_parity_lr0.05,0.48121185524413607,6.085049768886232,0.40010338922870387,0.11963091337938245,24,0.4137467499822378,97bfb6b6872a3646017b1dad453aca4a0629c2c7a61d8d55410d50f3e2801965,9a8b91153010a8e0586deb155881000f74b051c82cecd4718b58871d4e0a00e4
ring,parity,0.05,1007,ring_parity_lr0.05,0.5042556280486761,6.200389351808446,0.4073188684343792,0.11893710958283873,24,0.39948787505272776,0cd593f511077d4f853aa0452c5bd1d82d66f28a530eab73e030463170e12033,8a92117918a210c624624fc7a0c6d49e0e411b6e5133393916ebed1308e460dc
ring,parity,0.05,1008,ring_parity_lr0.05,0.527117300684227,6.054827819880913,0.37524528102896,0.10807064093634049,24,0.39101895794738084,a1bbf2e60c67adbdeb1e984a1a247022667ddcb302547c9801ecb347472bcd53,2a3ebbdd84bfc43e88f502a30ffcd11630abbb6c8a5e7dfa8ac7679337240fae
ring,parity,0.05,1009,ring_parity_lr0.05,0.35831379754701265,6.043367831277359,0.4368161667948977,0.1292975853712897,24,0.3966154579538852,9667d1e760ab11a566136a8a0f1086c445b8d14236780e7bb96089f6ee01546d,94974d3ed6c89080c21e8e5c0d7fb87e5da7cf605e12cf3638638242fbf670b9
ring,parity,0.05,1010,ring_parity_lr0.05,0.40485073810907607,6.0311081981626335,0.42324814292503976,0.11808623187608609,24,0.44159808300901204,24fba8bd3ef62ee408b72ae77d4f4f17207403e680d8e04300593273aa3d09ee,0ee44e083d16e5e1c920600abef6e41eb0700e3e5b38b7ecfda6671af52d0b9a
ring,parity,0.05,1011,ring_parity_lr0.05,0.4237291954420829,6.1112777937611975,0.4206506764542326,0.12493325090690707,24,0.4477180000394583,6fd16a9a5b505ef800214c051c6a2ab64777ed3d8f6331b9069b67577e55e6b9,33c2703cfeb782010397612d60b4ab88b6059f79dd89282c02eae61aee2c94b0
ring,parity,0.05,1012,ring_parity_lr0.05,0.46413587158615244,6.176892171518974,0.4091890630936478,0.1207107736126261,24,0.4611670000012964,3c952c5a059a0250e18c66ecf40eabef7203ddcd9c25bb05f02ed3adbaf1c160,f4524bb7c882cd3553ab534fc60934fa72e3285a4f26d149e11fc4a988b79435
ring,parity,0.05,1013,ring_parity_lr0.05,0.49793992875555104,6.060855710505779,0.38276377521435234,0.11482913256430571,24,0.4173520840704441,4858eefcee967680a745c752b8eb8dd6324b0d52e83d792003e1964fc3594855,59fbe3f875493844232d2a71658278df0dbb2a5a853086294264e65ecbc65210
ring,parity,0.05,1014,ring_parity_lr0.05,0.5224039050141134,6.217947064899812,0.40164628575865524,0.11446919144121674,24,0.39370074996259063,364d404eb6cc8fa40e500b7786284b188c7306990e306334ce156a9fbad83d11,2f56a28a43bf144c1b9b616aa45e5a5cfa17719678bafe41b4f415645fc42673
ring,parity,0.05,1015,ring_parity_lr0.05,0.41822635904431865,6.023853236333886,0.40881850036480294,0.12305436860980569,24,0.3809517080662772,0d8e98cd6bcaf55451d8f4e8934fee61678f258b1e3d3bd2629a483cfe044d79,6d41995059470d379dd369cb60469b9eb22943faf894bfe580cc472857ffedb5
ring,parity,0.05,1016,ring_parity_lr0.05,0.4567680188988252,6.052956713039217,0.38604090146116543,0.11697039314273314,24,0.3725135000422597,af765f468c33ca4f7346e5f3229c51841636a5fc19eb587531ecade8afb98cd9,a66aa0dc3d229a4ecbd03337718ca4ce47b366e63d333f4e877d5d3abbfd4acd
ring,parity,0.05,1017,ring_parity_lr0.05,0.6532868259812263,6.179397482631284,0.37022992557574025,0.11292012730060078,24,0.3759220829233527,db9e3419e23ea7a590ed4a22fa5155aaaaefcf3788e0b9245348341b9ae5a490,3c8470f42535dd1a5e3398f39d1d50e6bd402aa8cafc1d0bf121fc77c77bf213
ring,parity,0.05,1018,ring_parity_lr0.05,0.44935559915191176,6.076047037653716,0.42416781696167305,0.12046366001711514,24,0.3857629999984056,a44060f1dfcf271003cc60d3fd9da15236186651cdc390235f2626d135b0bd76,a302499c1b8db9ec776b06dbac05879748bad5092b13819a3e4e07f498522009
ring,parity,0.05,1019,ring_parity_lr0.05,0.4682098198032868,6.135233684433797,0.39698346872559115,0.12147694143003089,24,0.38831020798534155,cb5e3c7630e3360d79aab33dca43de4402e3081b5021e7818deb64cf625d2052,f4f50171458920c8b4f4f14ccdcb92cb4e3bdbd1f69b3ecc5388ffb655e89bff
ring,parity,0.05,1020,ring_parity_lr0.05,0.5461981164637713,6.233305236228075,0.42200762384139395,0.12449224903321122,24,0.3972749589011073,70c533186935953d44888f9a9dd543b628ef786748305418bd42b11438995361,21c7e3490f7d61ac53c17855c167a6636fc9afe39bb79be0cbfa845f90119c9d
ring,parity,0.05,1021,ring_parity_lr0.05,0.7095586440011532,6.420452728303104,0.3896866591269639,0.11106069785118469,24,0.41560591699089855,c30646e152524ef56b29fa5c1edcf7d26f48a8e38209818df296fad57c94b376,81f1e44223d625a50098e1817746cb9bdd242945de76436490f0ee57d9a815b3
ring,parity,0.05,1022,ring_parity_lr0.05,0.4474376395060048,6.126327694791916,0.3932182853869914,0.11599939418916246,24,0.40979116689413786,7872e327670b2cd29e6696454ff73757f74e45c65c01142055e66c9b71ec4207,985f49a2b8180a465733a022bc64f12631ba450dc8a9adf33af26480db96feb0
ring,parity,0.05,1023,ring_parity_lr0.05,0.6868591294923121,6.303995139629746,0.35761809670433875,0.10549733852777993,24,0.41525716707110405,0c9c2eed7ced0c9f3d32756ce2fa4803cbecf1f1e910032a98b4e22e08d4185d,44b95092ae6a70db9f0565c6471ab4f74a9ba638896dc364aee3ed0b84f04868
ring,parity,0.05,1024,ring_parity_lr0.05,0.3911602209841845,6.06465307800144,0.433051536445054,0.13034851246996126,24,0.4133238750509918,2dcaa4a06d6a123a29a6c46f6054a2a76697bf86624485b289436d43caa5acec,53d02ea75ba8208ac74c6fca45dfea68c8881f70f007723461b0801cee7f5789
ring,parity,0.05,1025,ring_parity_lr0.05,0.46117481553137485,6.13150290959686,0.42830092835616773,0.12934688036356265,24,0.405167083023116,6b9649fb1d0dcf6eb58962b41326f25cc15f4764495639c6cb94ae961ee6cb5c,c72f5128e0048127e5e3a59658e71f558f249dcc4317c1da7482166c0051e39c
ring,parity,0.05,1026,ring_parity_lr0.05,0.5796804548312999,6.233156830047217,0.3764511191376327,0.10954727566905112,24,0.3902439170051366,5332d2871ed2fac0949dd6bc154e6d8ac62323c854b30f1329f1e011b4f1d8e6,97bdd60355c920bdbe763eb90ac1374beb70c1258a2d89a6a90f6ac1727e0463
ring,parity,0.05,1027,ring_parity_lr0.05,0.46998621597783374,6.107479981684692,0.3961139462596493,0.11843806993163514,24,0.396906542009674,ef18067c940476be8b64d6f8b33db4af03c12a08b4285aa2cb44b20112d848d3,63452d8002dbcdd7be59caf2d142125f6d91f4e3dfa34f8228efd5f425f74271
ring,parity,0.05,1028,ring_parity_lr0.05,0.6528622871336948,6.222483731295602,0.39135251487234807,0.11349222931298093,24,0.3842782500432804,ea8048e5ab7ca0e4ea3a06f42a6ba49cabe017ae5c5bfd18fe2840fb87b7680b,53b4ac9383977aa475c93184f8d1c6bdac665b952493c3365479ff39156af553
ring,parity,0.05,1029,ring_parity_lr0.05,0.3731486628763724,6.008037500401673,0.4222150474419271,0.12539786909025236,24,0.40379550005309284,5d2a92e7b41903c486f3e70fc6f7444cf43eac028db595193d8f512b008c572f,f86fdea512a2c2282e6225086c51b8c6cbe44a15644bc3ab56170978769d9d5e
ring,parity,0.05,1030,ring_parity_lr0.05,0.4449436869663817,6.074774064467707,0.4021110874246,0.1222417705770784,24,0.45906066696625203,a2a5bfdb02c1d45d1699917cbb0ed76a474225aca8111cae39f9e6381292aaa6,6d11ac2aba158f4f87f21f227908a00247a374c3e9cb98008421c7769748b558
ring,parity,0.05,1031,ring_parity_lr0.05,0.5387474527076584,6.182812885437372,0.39262247575793835,0.11425314044556006,24,0.48111762502230704,3c51e32359df2bf54da0ae7ff1a933e2c13b245e018bc2fbcb3d0e270e8c4ec8,83e894f1efaf3c465f559b9aeff6a478b520732576fb1ac0e0f1c73ddde2825a
ring,parity,0.05,1032,ring_parity_lr0.05,0.4395055852111481,6.147210304964105,0.4076632853770032,0.12107599575696995,24,0.4810438340064138,35ca9094eb50ae6b67469a0f389ca752dfe6e3d6e4cfbe7f1ba666236771ef5e,bfc9bf685eb8589c47553aa2eaefbb522ee06d954c99e543e0e912117b89295b
ring,parity,0.05,1033,ring_parity_lr0.05,0.47757290932389346,6.199578904759191,0.4181980869084903,0.1254594260725471,24,0.47719204099848866,eb781c65f8f2f4f7ad912b767c1c3859a32f5c9829af36471dc7ddc06ba2128e,5a08230b07b5963c1fd63410e755b2f76bb1f57024bc39922cb5ebef3e21479c
ring,parity,0.05,1034,ring_parity_lr0.05,0.534031071293929,6.22447952370795,0.3926433044864366,0.11740034804144453,24,0.43427058297675103,44fe9d3bfafa880ef02fdb7f827075fe4108008052035fcfbdb6a6bf6b7d1191,dfe6eda754cb3af81408b30e628071ba13374615bbe1d43db8406ce8b3e6150c
ring,parity,0.05,1035,ring_parity_lr0.05,0.4515306539681962,6.14851307358503,0.4289169150668428,0.12395698845431757,24,0.42693179193884134,8b2f889f1134f60faeea65d429c835d1ff84f83ae7b2b7b169f17c0143374ee7,9a9a7f89bb8ec224f0ba0d814cc91a06db90cb312d2e46376682a0b0a64afc31
ring,parity,0.05,1036,ring_parity_lr0.05,0.481796446495294,6.168415621520601,0.40504292577739825,0.11989270603010987,24,0.43533633300103247,77a0f9043d3e75493ba304dc79e70c601687f7ce3aa9b8ce3f5f24132e01540b,efa9de7ed73562643aadf9a16c93632dc805e01734bbeac2f1cc25f3c13a7b61
ring,parity,0.05,1037,ring_parity_lr0.05,0.412551540344839,6.021142310247619,0.4186017450800077,0.12181310781828224,24,0.4157749160658568,05a2a91ec2f0f0db0ac4204f860c1749356e21df257c586d3db5ad5bfe5b7bf5,db201679d7e93a5c5455469739ca6f1ec393627cb3e7ea0640e85ce234025b4e
ring,parity,0.05,1038,ring_parity_lr0.05,0.5055413019313031,6.211990625179008,0.39339423094918935,0.11762487505380761,24,0.42455929098650813,a4553a2c764f6914be5fc9f2f755d6d0da754409dfd6d47579e72d7bf3ac64d1,afb957816f7d3420ad7e64becb1f6971895effc5ca61097da453a2679e372776
ring,parity,0.05,1039,ring_parity_lr0.05,0.38449401958781204,5.98530253504459,0.41734185679731994,0.1277066081799799,24,0.39864662499167025,c69409e26a640ac42e446f6e11a36e920777dd59e5daec5a1b3d3ebb2561cd8d,60c0c86c8eacc83a567475a450e64ed8d914c18c6fbf97ad7c19a3842905a3a3
ring,parity,0.05,1040,ring_parity_lr0.05,0.460213553430585,6.155045604814063,0.40029841455739223,0.11688713705075854,24,0.40722795797046274,e23fcbf100776d4b6fa70311897dee26f2698907face6ee51700226641f10ab6,30709511b2e7b5f43ce6c979b52864a57aac0c9d23c32ad0f1b8692f07c98207
ring,parity,0.05,1041,ring_parity_lr0.05,0.4655539080446489,6.038219423879415,0.4016997463251982,0.12091162364388466,24,0.3935754579724744,7a44f9ec7fdf9255b94ab8c9ddf83a54b4e9b735d0bc2a666fbbea5fe3bfdfd8,84d86566a7bf90b25e3b1c4c52e34f1cb6c129a05f9ad3ea8383f67bcca2757c
ring,parity,0.05,1042,ring_parity_lr0.05,0.5830795408513076,6.22466057833382,0.3761916658518896,0.112481308089715,24,0.41402204101905227,c11834046b17ad15197a6803f14120ea732ba339ced76353925e56590922cbb7,1efede4f97003377f2aa621b06c1d8d262b24bb5d9011cba5fcb427daa72f9b1
ring,parity,0.05,1043,ring_parity_lr0.05,0.42411034450767426,6.014258674443398,0.4049558666599917,0.11905702479803756,24,0.4061511670006439,025a58361caed61942f1056bbf840c2619dd7a08f53f4e9767b8acbfe1cd6f51,4cefdc8eeaa804021f4a12ceb2b49e6cb1aa41528e20a7d32a31cf656cee172c
ring,parity,0.05,1044,ring_parity_lr0.05,0.47975513125505154,6.161795180652838,0.3982036569044983,0.119859300728254,24,0.4029417500132695,d55f82aee647cfb54d3763879738544f054cb331fc2a8e8a2f7b58e7ab20bf9a,ca3d3ea42bc3118f3826acecb08504698bd65c1adc31a9c132505c487b4be205
ring,parity,0.05,1045,ring_parity_lr0.05,0.5319797683459294,6.259309016399258,0.3909475918575063,0.11767522514910941,24,0.4031188329681754,8c21e594fa33731c1299b46b7a53fcea35c51eeae962d08be860704e9651b3f3,4fb3581dd20c2af86608b9ae64325ccc0b7e69f90ea7270ccce9260c6eaae747
ring,parity,0.05,1046,ring_parity_lr0.05,0.4070533876163175,6.050669291353008,0.40967637943619434,0.12003517917480494,24,0.4175012910272926,50c5ab394fecd0a67effee49e2dc467e1b5726d573d0d4b0b0fca3d464b657c1,042374d30ff1adbd0c4d7c0ade9b946e8d04fc5287eb7032204dc0cb2eee1189
ring,parity,0.05,1047,ring_parity_lr0.05,0.7815954131032814,6.320304982391687,0.3459193010249979,0.10619722541467434,24,0.42202116700354964,32a02f3816713ff5c3bb316fa8e90c34868caf9816b120082f87525e08f8eea3,e9ca2962968c53c9fc484235d01cac0843a1044996a819a1465f3bcf5eddc4a8
ring,parity,0.05,1048,ring_parity_lr0.05,0.45221855692900603,6.112757580134028,0.4194717075337377,0.12374415372245262,24,0.40771033405326307,52d5584ff8f88bb0039e31171304ebf533a30398f1a01f99a893785474866a66,5847885284d09f9a22bacd145ebccf1e75857a1386e559146ece68f1e5bd8473
ring,parity,0.05,1049,ring_parity_lr0.05,0.5155158788116597,6.166216768576587,0.40173891251373856,0.11690602354149791,24,0.40586824994534254,c07d5b9d7d3d83865356bf70ff3d6acbd4230c5027830c2b3a7fde11d954c80a,0a6ea8af797eb1eaec03c81c8b1f3a97c9611bc0f2a6b00b23b050634aba6f23
ring,parity,0.05,1050,ring_parity_lr0.05,0.4580017616990181,6.106663255323567,0.40970907028891956,0.12045446666494236,24,0.4030263749882579,6960888a53c602d2814092b439bff21b1d7314a8580ce5946536c2786cf8f540,77e8494c138dfd0176bb3547d3449e56a42728400d8fdfcb2240371a1b0452b4
ring,parity,0.05,1051,ring_parity_lr0.05,0.5319008522657374,6.171102333772626,0.36388973091310767,0.10916691927393231,24,0.39829708402976394,2a3326a2a9e683545bef56d0e4c1ce563b1f5b70fab90536a2bf92220c7cc8e1,029b4c25d9016e5abbd017bcc42d2d01b0c39c9731ca15acc4979f862d8bb2cf
ring,parity,0.05,1052,ring_parity_lr0.05,0.6870835788560008,6.3607461558873775,0.34556838418661234,0.10297937848761048,24,0.4036845830269158,fa35e7a6cdcc11741645f5996a28cd06b9371a4a1c2f1ad7fb7424d7f577218a,b09c39ee06659bba32b6d9ed2437298bee4a8866566a5821bb55c46659e23dd7
ring,parity,0.05,1053,ring_parity_lr0.05,0.554168396279842,6.196123135137663,0.4091649964527263,0.12070367395355426,24,0.41318358306307346,79df9439b4d95f2986ed97aacb7e86ce7b1ee016b96291cd179e2ccd42386eeb,08e766e5c2fccf864ed541a2c415a594dacdf218c3d846f8e76d82735110bd74
ring,parity,0.05,1054,ring_parity_lr0.05,0.5187952395448681,6.067483058438665,0.363300499023372,0.10862684920798825,24,0.4281555409543216,13f9bcfa4db2cc2a2c05d061a5c97c8e997d2ce08dab5b8edfa06263a266067c,0dc6ed96315d52efc0737dd1b4865103ecadcc00d2aefe536225a73e89b65998
ring,parity,0.05,1055,ring_parity_lr0.05,0.3600459771922395,6.028071874777056,0.4338201608227989,0.12971222808601687,24,0.42778550006914884,5519425b7a8f96ff467fc3e1fcf74125c2cfbeb26b21958859f79b18b443f4d2,81442d0b2ca7b242417960bdc7da279491bd46ab5710d88437891c6ec3beba65
ring,parity,0.05,1056,ring_parity_lr0.05,0.3984014957159331,6.025281515081219,0.40895592662125796,0.12023304242664984,24,0.43267524999100715,f9b707135fa479de697a425d73602cdd3bd74514ebd653b2c0e2ab850edcaa30,a9a123cc0c706e8171005beabd5e357bf24fd53e16cd34591f1e1a83d0442b85
ring,parity,0.05,1057,ring_parity_lr0.05,0.46239595940800493,6.040108405352932,0.42089858642081734,0.12584867733982438,24,0.44994454190600663,d28b67feaf4f1656bc1cad5f07ad22e2eda476951f0fd60ae372b962e0a75e1e,6bac777d7d7aad239c90b6f6624d4ff6b6ace062c4f051de5260a8d40fc2698b
ring,parity,0.05,1058,ring_parity_lr0.05,0.4244404395929495,6.13833764156335,0.414385449868101,0.12141493681135358,24,0.409436791902408,a19ed3237af8ed8a611c0195723dd9550ad5bd836def77d8ec70eae8cb778e48,9a25f92cb3144771355e6b5e0e41dc89564f19aa51752fa1598d15de7544ef3a
ring,parity,0.05,1059,ring_parity_lr0.05,0.542290726594401,6.201088419018625,0.39475961169298546,0.11842788350789563,24,0.40601966599933803,a223ca0db7abcdc944083fe0181f7755f0b2fd41ebc7f256812eb063b6c8e730,100132982a6f2f74bc33783be4cbb8e324c41ab231ae88b2605bf830d1eb3a79
ring,parity,0.05,1060,ring_parity_lr0.05,0.5008430416467521,6.00714129257929,0.4122053804367359,0.12242499798971056,24,0.4127365000313148,757befef9e6dd07a9a4419468214926f82cb27d2040d1edaa8559268a17f1346,42969979ca116da722bda34414e7d5092da7716d1316b6ab8a84495cd5910826
